old sampleid,sampleid,replicate,sitecode,species,role,delta13c,delta15n,c_n_ratio
AC-S18-ALGAE-1,AC-S18-ALGAE-1,0,AC,algae,algae,-18.81152488,14.13002354,10.49772864
AC-S18-AQB-1,AC-S18-AQB-1,0,AC,mayfly/caddisfly,aqbase,-29.01692998,13.14913045,5.498840532
AC-S18-DETRITUS-1,AC-S18-DETRITUS-1,0,AC,detritus,det,-28.77225283,5.468514142,23.24379588
AC-S18-SNAILS-1,AC-S18-SNAILS-1,0,AC,european garden snail,terbase,-26.96282582,-2.71879539,4.94833291
AC-S18-198-1,AC-S18-198-1,0,AC,common shiner,invertivore,-25.891,16.953,3.503677833
AC-S18-212-1,AC-S18-212-1,0,AC,creek chub,cc,-26.388,15.105,3.335764091
AC-S18-212-2,AC-S18-212-2,0,AC,creek chub,cc,-25.391,15.483,3.298812458
AC-S18-212-3,AC-S18-212-3,0,AC,creek chub,cc,-26.076,15.504,3.367080468
AC-S18-212-4,AC-S18-212-4,0,AC,creek chub,cc,-24.509,11.338,3.341681557
AC-S18-212-5,AC-S18-212-5,0,AC,creek chub,cc,-24.09,10.848,3.368839378
AC-S18-212-MT1,AC-S18-212-MT1,0,AC,creek chub,cc,-25.373,16.302,3.303369628
AC-S18-341-8,AC-S18-341-8,0,AC,johnny darter,invertivore,-26.118,18.809,3.480099199
AC-S18-341-9,AC-S18-341-9,0,AC,johnny darter,invertivore,-25.549,18.389,3.304861134
AC-S18-ALGAE-2,AC-S18-ALGAE-2,0,AC,algae,algae,-18.378,13.958,11.87657889
AC-S18-ALGAE-3,AC-S18-ALGAE-3,0,AC,algae,algae,-18.2,14.106,12.16980453
AC-S18-AQB-2,AC-S18-AQB-2,0,AC,mayfly/caddisfly,aqbase,-28.84,13.123,5.4762578
AC-S18-DETRITUS-2,AC-S18-DETRITUS-2,0,AC,detritus,det,-28.05,6.996,24.89049493
AC-S18-DETRITUS-3,AC-S18-DETRITUS-3,0,AC,detritus,det,-28.231,6.969,23.82962279
AC-S18-GOLDENROD-1 A,AC-S18-GOLDENROD-1 A,1,AC,goldenrod,terpp,-30.731,2.794,26.01477909
AC-S18-GOLDENROD-1 B,AC-S18-GOLDENROD-1 B,1,AC,goldenrod,terpp,-31.022,2.635,25.41727257
AC-S18-GOLDENROD-1 C,AC-S18-GOLDENROD-1 C,1,AC,goldenrod,terpp,-30.974,2.691,26.02450711
AC-S18-GOLDENROD-1,AC-S18-GOLDENROD-1,0,AC,goldenrod,terpp,-30.909,2.706666667,25.81885292
AC-S18-GOLDENROD-2,AC-S18-GOLDENROD-2,0,AC,goldenrod,terpp,-30.883,2.624,25.76125357
AC-S18-GOLDENROD-3,AC-S18-GOLDENROD-3,0,AC,goldenrod,terpp,-30.875,2.756,25.80691392
AC-S18-SNAILS-2,AC-S18-SNAILS-2,0,AC,european garden snail,terbase,-26.75,-2.161,4.844507985
BG-S18-ALGAE-1,BG-S18-ALGAE-1,0,BG,algae,algae,-24.327,4.018,19.02858941
BG-S18-ALGAE-2,BG-S18-ALGAE-2,0,BG,algae,algae,-24.27,4.561,18.91546827
BG-S18-ALGAE-3 A,BG-S18-ALGAE-3 A,1,BG,algae,algae,-24.449,4.429,19.22785064
BG-S18-ALGAE-3 B,BG-S18-ALGAE-3 B,1,BG,algae,algae,-24.732,4.234,19.1378072
BG-S18-ALGAE-3 C,BG-S18-ALGAE-3 C,1,BG,algae,algae,-24.482,4.293,19.15395518
BG-S18-ALGAE-3,BG-S18-ALGAE-3,0,BG,algae,algae,-24.55433333,4.318666667,19.17320434
BG-S18-CAT-1,BG-S18-CAT-1,0,BG,caterpillar,terbase,-29.64539509,1.148929031,6.008376307
BG-S18-CAT-2,BG-S18-CAT-2,0,BG,caterpillar,terbase,-29.299,1.577,5.889858339
BG-S18-CAT-3,BG-S18-CAT-3,0,BG,caterpillar,terbase,-29.5,1.168,5.881944283
BG-S18-DETRITUS-1,BG-S18-DETRITUS-1,0,BG,detritus,det,-27.328,2,26.11853561
BG-S18-DETRITUS-2,BG-S18-DETRITUS-2,0,BG,detritus,det,-27.385,2.131,26.66517605
BG-S18-DETRITUS-3,BG-S18-DETRITUS-3,0,BG,detritus,det,-27.375,1.856,25.82059871
BG-S18-GOL-1,BG-S18-GOL-1,0,BG,goldenrod,terpp,-34.72737901,-2.121730029,16.26197761
BG-S18-GOLDENROD-2,BG-S18-GOL-2,0,BG,goldenrod,terpp,-34.104,-0.732,16.72911022
BG-S18-GOLDENROD-3,BG-S18-GOL-3,0,BG,goldenrod,terpp,-34.154,-0.692,17.05502929
BS-S18-076-2,BS-S18-076-2,0,BS,rainbow trout,trout,-25.413,5.169,3.392931393
BS-S18-076-3,BS-S18-076-3,0,BS,rainbow trout,trout,-24.929,8.004,3.253164557
BS-S18-076-4,BS-S18-076-4,0,BS,rainbow trout,trout,-24.969,6.02,3.342837274
BS-S18-ALGAE-1,BS-S18-ALGAE-1,0,BS,algae,algae,-27.773,0.924,23.95454545
BS-S18-ALGAE-2,BS-S18-ALGAE-2,0,BS,algae,algae,-27.443,0.903,20.80681818
BS-S18-ALGAE-3,BS-S18-ALGAE-3,0,BS,algae,algae,-27.796,1.168,20.35555556
BS-S18-CADDIS-1,BS-S18-CADDIS-1,0,BS,caddisfly,aqbase,-28.2,4.369,4.750251762
BS-S18-CADDIS-2,BS-S18-CADDIS-2,0,BS,caddisfly,aqbase,-28.15,4.32,4.747975709
BS-S18-DET-1,BS-S18-DET-1,0,BS,detritus,det,-27.072,0.742,32.02597403
BS-S18-DET-2 A,BS-S18-DET-2 A,1,BS,detritus,det,-27.151,0.554,32.63157895
BS-S18-DET-2 B,BS-S18-DET-2 B,1,BS,detritus,det,-26.926,0.65,32.41891892
BS-S18-DET-2 C,BS-S18-DET-2 C,1,BS,detritus,det,-27.085,0.942,32.28571429
BS-S18-DET-2,BS-S18-DET-2,0,BS,detritus,det,-27.054,0.715333333,32.44540405
BS-S18-DET-3,BS-S18-DET-3,0,BS,detritus,det,-27.014,0.348,32.73183099
BS-S18-GOL-1,BS-S18-GOL-1,0,BS,goldenrod,terpp,-33.573,-3.67,18.35391226
BS-S18-GOL-2,BS-S18-GOL-2,0,BS,goldenrod,terpp,-33.504,-3.442,18.56287361
BS-S18-GOL-3,BS-S18-GOL-3,0,BS,goldenrod,terpp,-33.545,-3.452,18.40469939
BS-S18-TRB-1,BS-S18-TRB-1,0,BS,caterpillar,terbase,-31.294,1.805,4.388244418
BS-S18-TRB-2,BS-S18-TRB-2,0,BS,caterpillar,terbase,-30.971,1.877,4.330055148
BS-S18-TRB-3,BS-S18-TRB-3,0,BS,caterpillar,terbase,-31.233,2.017,4.306137786
BW-S18-163-3,BW-S18-163-3,0,BW,white sucker,detritivore,-27.243,10.796,3.521080557
BW-S18-163-4,BW-S18-163-4,0,BW,white sucker,detritivore,-28.613,9.99,3.289518188
BW-S18-163-7,BW-S18-163-7,0,BW,white sucker,detritivore,-29.401,10.013,3.307199091
BW-S18-212-1,BW-S18-212-1,0,BW,creek chub,cc,-25.247,7.907,3.298964222
BW-S18-212-2,BW-S18-212-2,0,BW,creek chub,cc,-25.596,7.755,3.396372125
BW-S18-341-1 A,BW-S18-341-1 A,1,BW,johnny darter,invertivore,-28.376,11.875,3.282552715
BW-S18-341-1 B,BW-S18-341-1 B,1,BW,johnny darter,invertivore,-28.428,11.923,3.282532999
BW-S18-341-1 C,BW-S18-341-1 C,1,BW,johnny darter,invertivore,-28.392,11.839,3.279396543
BW-S18-341-1,BW-S18-341-1,0,BW,johnny darter,invertivore,-28.39866667,11.879,3.281494086
BW-S18-341-2,BW-S18-341-2,0,BW,johnny darter,invertivore,-29.435,11.421,3.340554049
BW-S18-341-3,BW-S18-341-3,0,BW,johnny darter,invertivore,-29.202,11.728,3.407472105
BW-S18-630-1,BW-S18-630-1,0,BW,blacknose dace,invertivore,-26.681,8.546,3.7995832
BW-S18-630-4,BW-S18-630-4,0,BW,blacknose dace,invertivore,-26.466,8.684,3.518161544
BW-S18-630-8,BW-S18-630-8,0,BW,blacknose dace,invertivore,-27.243,9.384,3.515596519
BW-S18-ALG-1,BW-S18-ALG-1,0,BW,algae,algae,-31.915,8.353,8.407478271
BW-S18-ALG-2,BW-S18-ALG-2,0,BW,algae,algae,-32.477,8.638,7.188412177
BW-S18-ALG-3,BW-S18-ALG-3,0,BW,algae,algae,-31.719,8.318,8.755160407
BW-S18-CATERPILLAR-1,BW-S18-CATERPILLAR-1,0,BW,caterpillar,terbase,-29.231,-0.734,6.626077024
BW-S18-CATERPILLAR-2,BW-S18-CATERPILLAR-2,0,BW,caterpillar,terbase,-28.822,-0.696,6.841088824
BW-S18-DET-1,BW-S18-DET-1,0,BW,detritus,det,-28.268,2.425,21.25420826
BW-S18-DET-2,BW-S18-DET-2,0,BW,detritus,det,-28.228,2.526,23.45526681
BW-S18-DET-3 A,BW-S18-DET-3 A,1,BW,detritus,det,-28.296,2.448,21.28396512
BW-S18-DET-3 B,BW-S18-DET-3 B,1,BW,detritus,det,-28.353,2.401,21.32576713
BW-S18-DET-3 C,BW-S18-DET-3 C,1,BW,detritus,det,-28.194,2.397,21.21055545
BW-S18-DET-3,BW-S18-DET-3,0,BW,detritus,det,-28.281,2.415333333,21.27342923
BW-S18-GOL-1,BW-S18-GOL-1,0,BW,goldenrod,terpp,-31.747,-1.191,21.62046876
BW-S18-GOL-2,BW-S18-GOL-2,0,BW,goldenrod,terpp,-31.664,-1.251,21.90977493
BW-S18-MAYFLY-1,BW-S18-MAYFLY-1,0,BW,mayfly,aqbase,-29.497,5.059,5.178097491
BW-S18-MAYFLY-2,BW-S18-MAYFLY-2,0,BW,mayfly,aqbase,-30.039,7.18,4.885264953
BW-S18-SNAIL,BW-S18-SNAIL,0,BW,european garden snail,terbase,-26.868,1.845,4.519626195
DE-218-GOL-1 A,DE-S18-GOL-1 A,1,DE,goldenrod,terpp,-33.273,1.263,15.60638298
DE-218-GOL-1 B,DE-S18-GOL-1 B,1,DE,goldenrod,terpp,-33.307,1.283,16.0989011
DE-218-GOL-1 C,DE-S18-GOL-1 C,1,DE,goldenrod,terpp,-33.394,1.34,15.70921986
DE-218-GOL-1,DE-S18-GOL-1,0,DE,goldenrod,terpp,-33.32466667,1.295333333,15.80483465
DE-S18-163-2,DE-S18-163-2,0,DE,white sucker,detritivore,-28.274,9.909,3.285272609
DE-S18-163-3,DE-S18-163-3,0,DE,white sucker,detritivore,-26.909,10.236,3.246506436
DE-S18-163-4,DE-S18-163-4,0,DE,white sucker,detritivore,-28.417,9.774,3.263663593
DE-S18-208-1,DE-S18-208-1,0,DE,bluntnose minnow,detritivore,-25.038,10.449,3.422812691
DE-S18-208-2 A,DE-S18-208-2 A,1,DE,bluntnose minnow,detritivore,-25.171,10.411,3.468634543
DE-S18-208-2 B,DE-S18-208-2 B,1,DE,bluntnose minnow,detritivore,-25.222,10.536,3.46357819
DE-S18-208-2,DE-S18-208-2,0,DE,bluntnose minnow,detritivore,-25.1965,10.4735,3.466106367
DE-S18-208-4,DE-S18-208-4,0,DE,bluntnose minnow,detritivore,-25.678,10.156,3.438542524
DE-S18-212-1,DE-S18-212-1,0,DE,creek chub,cc,-26.533,9.464,3.314673194
DE-S18-212-11,DE-S18-212-11,0,DE,creek chub,cc,-25.896,8.868,3.339501768
DE-S18-212-12,DE-S18-212-12,0,DE,creek chub,cc,-25.951,8.116,3.397725913
DE-S18-212-15,DE-S18-212-15,0,DE,creek chub,cc,-25.907,8.472,3.348642443
DE-S18-212-2,DE-S18-212-2,0,DE,creek chub,cc,-26.945,7.917,3.392932236
DE-S18-212-3,DE-S18-212-3,0,DE,creek chub,cc,-24.984,10.051,3.343102366
DE-S18-212-4,DE-S18-212-4,0,DE,creek chub,cc,-26.973,9.023,3.305848072
DE-S18-212-5,DE-S18-212-5,0,DE,creek chub,cc,-25.672,7.909,3.403042854
DE-S18-212-6,DE-S18-212-6,0,DE,creek chub,cc,-25.579,8.591,3.323144815
DE-S18-212-7,DE-S18-212-7,0,DE,creek chub,cc,-25.926,8.138,3.362639312
DE-S18-341-19,DE-S18-341-19,0,DE,johnny darter,invertivore,-26.841,11.951,3.312898573
DE-S18-341-21 A,DE-S18-341-21 A,1,DE,johnny darter,invertivore,-27.463,11.512,3.356405163
DE-S18-341-21 B,DE-S18-341-21 B,1,DE,johnny darter,invertivore,-27.394,11.468,3.35196615
DE-S18-341-21,DE-S18-341-21,0,DE,johnny darter,invertivore,-27.4285,11.49,3.354185657
DE-S18-341-28,DE-S18-341-28,0,DE,johnny darter,invertivore,-28.566,12.071,3.358281358
DE-S18-630-1,DE-S18-630-1,0,DE,blacknose dace,invertivore,-26.598,10.055,3.331914894
DE-S18-630-3,DE-S18-630-3,0,DE,blacknose dace,invertivore,-26.817,10.14,3.374733854
DE-S18-630-MT2,DE-S18-630-MT2,0,DE,blacknose dace,invertivore,-26.592,10.257,3.454287739
DE-S18-ALG-1,DE-S18-ALG-1,0,DE,algae,algae,-26.766,5.357,13.55384615
DE-S18-ALG-2,DE-S18-ALG-2,0,DE,algae,algae,-28.443,5.258,13.08571429
DE-S18-CAT-1,DE-S18-CAT-1,0,DE,caterpillar,terbase,-29.114,-0.236,4.722060253
DE-S18-CAT-2,DE-S18-CAT-2,0,DE,caterpillar,terbase,-29.214,-0.232,4.814595661
DE-S18-CAT-3,DE-S18-CAT-3,0,DE,caterpillar,terbase,-29.333,-0.207,4.756385069
DE-S18-DET-1,DE-S18-DET-1,0,DE,detritus,det,-28.25,1.9,22.35114504
DE-S18-DET-2,DE-S18-DET-2,0,DE,detritus,det,-28.215,1.93,22.59375
DE-S18-DET-3,DE-S18-DET-3,0,DE,detritus,det,-28.319,1.796,22.31343284
DE-S18-GOL-2,DE-S18-GOL-2,0,DE,goldenrod,terpp,-33.641,1.03,15.95237521
DE-S18-GOL-3,DE-S18-GOL-3,0,DE,goldenrod,terpp,-33.681,0.892,15.89710326
EP1-S18-163-3,EP1-S18-163-3,0,EP1,white sucker,detritivore,-27.02,12.558,3.495273306
EP1-S18-163-4,EP1-S18-163-4,0,EP1,white sucker,detritivore,-26.626,12.083,3.375773568
EP1-S18-163-6,EP1-S18-163-6,0,EP1,white sucker,detritivore,-26.609,12.415,3.372073055
EP1-S18-165-1 A,EP1-S18-165-1 A,1,EP1,northern hog sucker,herbivore,-26.576,12.624,3.319909123
EP1-S18-165-1 B,EP1-S18-165-1 B,1,EP1,northern hog sucker,herbivore,-26.611,12.341,3.349776971
EP1-S18-165-1 C,EP1-S18-165-1 C,1,EP1,northern hog sucker,herbivore,-26.623,12.459,3.349953927
EP1-S18-165-1,EP1-S18-165-1,0,EP1,northern hog sucker,herbivore,-26.60333333,12.47466667,3.339880007
EP1-S18-165-2,EP1-S18-165-2,0,EP1,northern hog sucker,herbivore,-25.66,15.537,3.248246129
EP1-S18-165-3,EP1-S18-165-3,0,EP1,northern hog sucker,herbivore,-25.979,13.521,3.213280938
EP1-S18-198-1,EP1-S18-198-1,0,EP1,common shiner,invertivore,-26.289,12.85809091,3.417442214
EP1-S18-198-2,EP1-S18-198-2,0,EP1,common shiner,invertivore,-26.252,13.06290909,3.403342819
EP1-S18-198-8,EP1-S18-198-8,0,EP1,common shiner,invertivore,-26.8,11.81572727,3.355328288
EP1-S18-208-1,EP1-S18-208-1,0,EP1,bluntnose minnow,detritivore,-26.652,15.149,3.879784555
EP1-S18-208-2,EP1-S18-208-2,0,EP1,bluntnose minnow,detritivore,-25.827,13.79427273,3.320987848
EP1-S18-212-13,EP1-S18-212-13,0,EP1,creek chub,cc,-25.642,12.918,3.227963838
EP1-S18-212-14,EP1-S18-212-14,0,EP1,creek chub,cc,-25.026,11.906,3.217090755
EP1-S18-212-19,EP1-S18-212-19,0,EP1,creek chub,cc,-25.263,12.675,3.259714416
EP1-S18-212-20,EP1-S18-212-20,0,EP1,creek chub,cc,-25.315,13.448,3.243004978
EP1-S18-212-22,EP1-S18-212-22,0,EP1,creek chub,cc,-25.441,11.568,3.239648852
EP1-S18-212-25,EP1-S18-212-25,0,EP1,creek chub,cc,-25.597,11.907,3.306870363
EP1-S18-212-27,EP1-S18-212-27,0,EP1,creek chub,cc,-25.119,11.393,3.300989163
EP1-S18-212-29,EP1-S18-212-29,0,EP1,creek chub,cc,-26.052,12.748,3.460628597
EP1-S18-212-31,EP1-S18-212-31,0,EP1,creek chub,cc,-25.607,11.724,3.383562535
EP1-S18-212-32,EP1-S18-212-32,0,EP1,creek chub,cc,-25.316,13.178,3.330193722
EP1-S18-341-11,EP1-S18-341-11,0,EP1,johnny darter,invertivore,-25.57,13.743,3.365957447
EP1-S18-341-11 A,EP1-S18-341-11 A,1,EP1,johnny darter,invertivore,-25.229,13.96754545,3.325449145
EP1-S18-341-11 B,EP1-S18-341-11 B,1,EP1,johnny darter,invertivore,-25.565,14.19436364,3.237427886
EP1-S18-341-11,EP1-S18-341-11,0,EP1,johnny darter,invertivore,-25.397,14.08095455,3.281438516
EP1-S18-341-16,EP1-S18-341-16,0,EP1,johnny darter,invertivore,-24.702,16.961,3.354996506
EP1-S18-341-19,EP1-S18-341-19,0,EP1,johnny darter,invertivore,-25.931,14.081,3.376216968
EP1-S18-ALG-1,EP1-S18-ALG-1,0,EP1,algae,algae,-33.336,12.02,11.04883754
EP1-S18-ALG-2,EP1-S18-ALG-2,0,EP1,algae,algae,-33.709,12.031,11.52409174
EP1-S18-ALG-3,EP1-S18-ALG-3,0,EP1,algae,algae,-33.546,11.946,11.22648073
EP1-S18-CADDISFLY-1,EP1-S18-CADDISFLY-1,0,EP1,caddisfly,aqbase,-30.282,8.455,6.577227974
EP1-S18-CADDISFLY-2,EP1-S18-CADDISFLY-2,0,EP1,caddisfly,aqbase,-30.28,8.715,6.375518181
EP1-S18-DET-1,EP1-S18-DET-1,0,EP1,detritus,det,-28.447,5.093,27.55215018
EP1-S18-DET-2 A,EP1-S18-DET-2 A,1,EP1,detritus,det,-28.79,5.511,24.24051755
EP1-S18-DET-2 B,EP1-S18-DET-2 B,1,EP1,detritus,det,-28.85,5.311,24.60637698
EP1-S18-DET-2,EP1-S18-DET-2,0,EP1,detritus,det,-28.82,5.411,24.42344727
EP1-S18-DET-3,EP1-S18-DET-3,0,EP1,detritus,det,-28.615,5.336,24.4557293
EP1-S18-GOL-1,EP1-S18-GOL-1,0,EP1,goldenrod,terpp,-33.319,2.467,10.86216584
EP1-S18-GOL-2,EP1-S18-GOL-2,0,EP1,goldenrod,terpp,-31.189,4.923,13.17617405
EP1-S18-GOL-3,EP1-S18-GOL-3,0,EP1,goldenrod,terpp,-33.266,2.706,10.96852263
EP1-S18-MAYFLY,EP1-S18-MAYFLY,0,EP1,mayfly,aqbase,-27.962,11.413,4.696203
EP1-S18-SNAIL-1,EP1-S18-SNAIL-1,0,EP1,european garden snail,terbase,-26.138,2.239,4.416725874
EP1-S18-SNAIL-2,EP1-S18-SNAIL-2,0,EP1,european garden snail,terbase,-26.153,2.146,4.387712967
EP1-S18-SNAIL-3,EP1-S18-SNAIL-3,0,EP1,european garden snail,terbase,-26.141,2.154,4.381648071
EP2-S18-163-10,EP2-S18-163-10,0,EP2,white sucker,detritivore,-28.007,10.794,3.294198017
EP2-S18-163-2,EP2-S18-163-2,0,EP2,white sucker,detritivore,-27.816,11.143,3.460305867
EP2-S18-163-4,EP2-S18-163-4,0,EP2,white sucker,detritivore,-28.229,10.884,3.486508951
EP2-S18-198-1,EP2-S18-198-1,0,EP2,common shiner,invertivore,-27.079,10.766,3.56144094
EP2-S18-198-2 A,EP2-S18-198-2 A,1,EP2,common shiner,invertivore,-27.359,10.915,3.459993888
EP2-S18-198-2 B,EP2-S18-198-2 B,1,EP2,common shiner,invertivore,-27.36,11.151,3.442132817
EP2-S18-198-2 C,EP2-S18-198-2 C,1,EP2,common shiner,invertivore,-27.334,11.13,3.492425438
EP2-S18-198-2,EP2-S18-198-2,0,EP2,common shiner,invertivore,-27.351,11.06533333,3.464850714
EP2-S18-198-3,EP2-S18-198-3,0,EP2,common shiner,invertivore,-27.366,10.508,3.530078537
EP2-S18-208-1,EP2-S18-208-1,0,EP2,bluntnose minnow,detritivore,-28.31,12.217,3.708067742
EP2-S18-208-2,EP2-S18-208-2,0,EP2,bluntnose minnow,detritivore,-28.537,12.026,3.639829763
EP2-S18-208-7,EP2-S18-208-7,0,EP2,bluntnose minnow,detritivore,-27.908,11.928,3.647961523
EP2-S18-212-10,EP2-S18-212-10,0,EP2,creek chub,cc,-25.538,8.509,3.258564674
EP2-S18-212-12,EP2-S18-212-12,0,EP2,creek chub,cc,-26.526,10.483,3.628843729
EP2-S18-212-13,EP2-S18-212-13,0,EP2,creek chub,cc,-26.043,10.725,3.374284438
EP2-S18-212-15,EP2-S18-212-15,0,EP2,creek chub,cc,-25.689,9.819,3.226479878
EP2-S18-212-16,EP2-S18-212-16,0,EP2,creek chub,cc,-26.394,10.15,3.463076744
EP2-S18-212-2,EP2-S18-212-2,0,EP2,creek chub,cc,-26.441,10.685,3.419936542
EP2-S18-212-3,EP2-S18-212-3,0,EP2,creek chub,cc,-26.23,10.374,3.39508774
EP2-S18-212-4,EP2-S18-212-4,0,EP2,creek chub,cc,-26.021,9.189,3.580949947
EP2-S18-212-6,EP2-S18-212-6,0,EP2,creek chub,cc,-26.011,10.592,3.307879159
EP2-S18-212-7,EP2-S18-212-7,0,EP2,creek chub,cc,-26.171,10.986,3.27221476
EP2-S18-281-1,EP2-S18-281-1,0,EP2,brook stickleback,planktivore,-28.557,12.646,3.783526441
EP2-S18-281-10,EP2-S18-281-10,0,EP2,brook stickleback,planktivore,-28.717,12.376,4.357808867
EP2-S18-281-6 A,EP2-S18-281-6 A,1,EP2,brook stickleback,planktivore,-27.802,13.452,3.725291588
EP2-S18-281-6 B,EP2-S18-281-6 B,1,EP2,brook stickleback,planktivore,-27.739,13.584,3.71016114
EP2-S18-281-6 C,EP2-S18-281-6 C,1,EP2,brook stickleback,planktivore,-27.741,13.602,3.713808114
EP2-S18-281-6,EP2-S18-281-6,0,EP2,brook stickleback,planktivore,-27.76066667,13.546,3.716420281
EP2-S18-630-3,EP2-S18-630-3,0,EP2,blacknose dace,invertivore,-27.583,11.54,3.82482391
EP2-S18-630-4,EP2-S18-630-4,0,EP2,blacknose dace,invertivore,-27.766,11.851,3.78213755
EP2-S18-630-6,EP2-S18-630-6,0,EP2,blacknose dace,invertivore,-27.63,11.674,3.734859112
EP2-S18-ALGAE-1,EP2-S18-ALGAE-1,0,EP2,algae,algae,-31.23,8.816,11.86664953
EP2-S18-ALGAE-2,EP2-S18-ALGAE-2,0,EP2,algae,algae,-32.12,8.844,12.67536683
EP2-S18-ALGAE-3,EP2-S18-ALGAE-3,0,EP2,algae,algae,-31.64,8.859,12.07411223
EP2-S18-DET-1,EP2-S18-DET-1,0,EP2,detritus,det,-29.4,3.714,37.9856222
EP2-S18-DET-2 A,EP2-S18-DET-2 A,1,EP2,detritus,det,-29.504,3.759,39.05390431
EP2-S18-DET-2 B,EP2-S18-DET-2 B,1,EP2,detritus,det,-29.605,3.535,39.38950935
EP2-S18-DET-2 C,EP2-S18-DET-2 C,1,EP2,detritus,det,-29.615,3.61,36.53996618
EP2-S18-DET-2,EP2-S18-DET-2,0,EP2,detritus,det,-29.57466667,3.634666667,38.32779328
EP2-S18-DET-3,EP2-S18-DET-3,0,EP2,detritus,det,-29.335,3.812,36.61958144
EP2-S18-GOL-1,EP2-S18-GOL-1,0,EP2,goldenrod,terpp,-29.123,-0.419,17.79597433
EP2-S18-GOL-2,EP2-S18-GOL-2,0,EP2,goldenrod,terpp,-29.242,-0.255,17.80307945
EP2-S18-GOL-3,EP2-S18-GOL-3,0,EP2,goldenrod,terpp,-29.161,-0.331,17.81971451
EP3-S18-212-1,EP3-S18-212-1,0,EP3,creek chub,cc,-27.163,13.545,3.386669073
EP3-S18-212-10,EP3-S18-212-10,0,EP3,creek chub,cc,-25.872,11.139,3.269434181
EP3-S18-212-12,EP3-S18-212-12,0,EP3,creek chub,cc,-26.347,12.964,3.349803627
EP3-S18-212-16,EP3-S18-212-16,0,EP3,creek chub,cc,-26.94,12.536,3.59094025
EP3-S18-212-2,EP3-S18-212-2,0,EP3,creek chub,cc,-26.45,12.827,3.350541367
EP3-S18-212-26,EP3-S18-212-26,0,EP3,creek chub,cc,-26.601,11.255,3.401627566
EP3-S18-212-3,EP3-S18-212-3,0,EP3,creek chub,cc,-27.855,13.134,3.374315477
EP3-S18-212-4,EP3-S18-212-4,0,EP3,creek chub,cc,-26.052,12.636,3.339929329
EP3-S18-212-4 A,EP3-S18-212-4 A,1,EP3,creek chub,cc,-26.184,12.835,3.323449806
EP3-S18-212-4 B,EP3-S18-212-4 B,1,EP3,creek chub,cc,-26.166,12.794,3.256821434
EP3-S18-212-4,EP3-S18-212-4,0,EP3,creek chub,cc,-26.175,12.8145,3.29013562
EP3-S18-212-6,EP3-S18-212-6,0,EP3,creek chub,cc,-28.907,13.793,3.566827443
EP3-S18-212-7,EP3-S18-212-7,0,EP3,creek chub,cc,-27.181,12.418,3.550626318
EP3-S18-281-1,EP3-S18-281-1,0,EP3,brook stickleback,planktivore,-28.158,13.696,3.860746898
EP3-S18-281-3,EP3-S18-281-3,0,EP3,brook stickleback,planktivore,-29.262,14.173,3.8365738
EP3-S18-281-5,EP3-S18-281-5,0,EP3,brook stickleback,planktivore,-29.969,15.229,3.684448144
EP3-S18-630-1,EP3-S18-630-1,0,EP3,blacknose dace,invertivore,-28.553,13.941,3.438393672
EP3-S18-630-7,EP3-S18-630-7,0,EP3,blacknose dace,invertivore,-28.747,13.378,3.747397982
EP3-S18-630-9,EP3-S18-630-9,0,EP3,blacknose dace,invertivore,-27.9,12.681,3.634230997
EP3-S18-ALG-2,EP3-S18-ALG-2,0,EP3,algae,algae,-36.123,10.024,7.814497061
EP3-S18-ALG-3,EP3-S18-ALG-3,0,EP3,algae,algae,-36.347,9.991,7.446799844
EP3-S18-ALG-3,EP3-S18-ALG-1,0,EP4,algae,algae,-36.347,9.991,7.446799844
EP3-S18-DET-1,EP3-S18-DET-1,0,EP3,detritus,det,-26.654,5.879,23.76793701
EP3-S18-DET-2,EP3-S18-DET-2,0,EP3,detritus,det,-26.158,6.555818182,24.00156808
EP3-S18-DET-3,EP3-S18-DET-3,0,EP3,detritus,det,-25.978,6.317,24.79268293
EP3-S18-DET-3 A,EP3-S18-DET-3 A,1,EP3,detritus,det,-26.1,5.875636364,23.60567861
EP3-S18-DET-3 B,EP3-S18-DET-3 B,1,EP3,detritus,det,-26.362,5.525454545,24.61101933
EP3-S18-DET-3,EP3-S18-DET-3,0,EP3,detritus,det,-26.231,5.700545455,24.10834897
FP-S18-163-1,FP-S18-163-1,0,FP,white sucker,detritivore,-31.135,13.948,3.350066431
FP-S18-182-1,FP-S18-182-1,0,FP,northern redbelly dace,planktivore/invertivore,-31.334,14.452,3.319689566
FP-S18-182-2,FP-S18-182-2,0,FP,northern redbelly dace,planktivore/invertivore,-30.756,12.523,3.393289701
FP-S18-281-2,FP-S18-281-2,0,FP,brook stickleback,planktivore,-30.177,14.204,3.450233126
FP-S18-281-5,FP-S18-281-5,0,FP,brook stickleback,planktivore,-29.618,14.65,3.597739733
FP-S18-281-6,FP-S18-281-6,0,FP,brook stickleback,planktivore,-30.302,13.402,3.717567409
FP-S18-630-1,FP-S18-630-1,0,FP,blacknose dace,invertivore,-28.104,12.362,3.503415561
FP-S18-630-3 A,FP-S18-630-3 A,1,FP,blacknose dace,invertivore,-29.869,13.416,3.724120269
FP-S18-630-3 B,FP-S18-630-3 B,1,FP,blacknose dace,invertivore,-29.842,13.331,3.697014787
FP-S18-630-3 C,FP-S18-630-3 C,1,FP,blacknose dace,invertivore,-29.927,13.309,3.71228679
FP-S18-630-3,FP-S18-630-3,0,FP,blacknose dace,invertivore,-29.87933333,13.352,3.711140615
FP-S18-630-7,FP-S18-630-7,0,FP,blacknose dace,invertivore,-27.87,12.147,3.788654308
FP-S18-DETRITUS-1,FP-S18-DETRITUS-1,0,FP,detritus,det,-27.675,7.08,37.48609924
FP-S18-DETRITUS-2,FP-S18-DETRITUS-2,0,FP,detritus,det,-27.73,6.883,45.86054341
FP-S18-DETRITUS-3,FP-S18-DETRITUS-3,0,FP,detritus,det,-28.272,5.582,49.57344841
FP-S18-EM-1,FP-S18-EM-1,0,FP,emergent macrophyte,algae,-30.45342165,5.493899574,15.09552348
FP-S18-EM-1,FP-S18-EM-2,0,FP,emergent macrophyte,algae,-30.45342165,5.493899574,15.09552348
FP-S18-GOLDENROD-1,FP-S18-GOLDENROD-1,0,FP,goldenrod,terpp,-32.404,-0.148,15.81161627
FP-S18-GOLDENROD-2,FP-S18-GOLDENROD-2,0,FP,goldenrod,terpp,-32.464,-0.169,15.70026775
FP-S18-GOLDENROD-3,FP-S18-GOLDENROD-3,0,FP,goldenrod,terpp,-32.388,-0.117,15.71950084
FP-S18-SNAILS-1,FP-S18-SNAIL-1,0,FP,european garden snail,terbase,-25.805,-0.145,4.140274021
FP-S18-SNAILS-2,FP-S18-SNAIL-2,0,FP,european garden snail,terbase,-25.797,-0.196,4.163113981
FP-S18-SNAILS-3,FP-S18-SNAIL-3,0,FP,european garden snail,terbase,-25.795,-0.268,4.200269863
GF-S18-198-1,GF-S18-198-1,0,GF,common shiner,invertivore,-26.25027695,16.00853868,3.524057769
GF-S18-198-2,GF-S18-198-2,0,GF,common shiner,invertivore,-26.50327621,16.30709791,3.51958398
GF-S18-208-1,GF-S18-208-1,0,GF,bluntnose minnow,detritivore,-26.455039,15.19153539,3.288591581
GF-S18-341-1,GF-S18-341-1,0,GF,johnny darter,invertivore,-26.74347784,17.22093123,3.325912054
GF-S18-341-2,GF-S18-341-2,0,GF,johnny darter,invertivore,-26.30146746,17.443842,3.229691458
GF-S18-341-3,GF-S18-341-3,0,GF,johnny darter,invertivore,-25.56314278,18.29413062,3.305005545
GF-S18-630-1,GF-S18-630-1,0,GF,blacknose dace,invertivore,-26.85964092,17.93101804,3.473944184
GF-S18-ALG-1,GF-S18-ALG-1,0,GF,algae,algae,-23.1292464,12.37505871,10.7568883
GF-S18-ALG-2,GF-S18-ALG-2,0,GF,algae,algae,-22.69227636,12.38217526,10.73263349
GF-S18-ALG-3,GF-S18-ALG-3,0,GF,algae,algae,-22.7794722,12.49095684,10.63767235
GF-S18-CADDIS-1,GF-S18-CADDIS-1,0,GF,caddisfly,aqbase,-23.79214796,14.54499327,5.909716106
GF-S18-CADDIS-2 A,GF-S18-CADDIS-2 A,1,GF,caddisfly,aqbase,-24.15245041,14.6902383,5.926599629
GF-S18-CADDIS-2 B,GF-S18-CADDIS-2 B,1,GF,caddisfly,aqbase,-24.33850823,14.75277436,5.791307276
GF-S18-CADDIS-2 C,GF-S18-CADDIS-2 C,1,GF,caddisfly,aqbase,-24.39265204,14.69830747,5.933924981
GF-S18-CADDIS-2,GF-S18-CADDIS-2,0,GF,caddisfly,aqbase,-24.29453689,14.71377338,5.883943962
GF-S18-CAT-1,GF-S18-CAT-1,0,GF,caterpillar,terbase,-29.50973433,0.48043283,4.29128666
GF-S18-CAT-2,GF-S18-CAT-2,0,GF,caterpillar,terbase,-29.34828733,0.685187977,4.273645992
GF-S18-CAT-3,GF-S18-CAT-3,0,GF,caterpillar,terbase,-29.42901083,0.673084224,4.201931573
GF-S18-DET-1,GF-S18-DET-1,0,GF,detritus,det,-28.70284384,6.322939661,26.90788969
GF-S18-DET-2,GF-S18-DET-2,0,GF,detritus,det,-28.54529682,6.413421535,26.22096291
GF-S18-DET-3,GF-S18-DET-3,0,GF,detritus,det,-28.49773546,6.361572371,27.38443308
GF-S18-GOL-1,GF-S18-GOL-1,0,GF,goldenrod,terpp,-33.93261225,-2.293171367,14.48243102
GF-S18-GOL-2,GF-S18-GOL-2,0,GF,goldenrod,terpp,-33.85235245,-2.295204668,14.70452312
GF-S18-GOL-3,GF-S18-GOL-3,0,GF,goldenrod,terpp,-33.88901433,-2.384669891,14.67693666
HT-S18-163-2,HT-S18-163-2,0,HT,white sucker,detritivore,-27.108,13.953,3.344029125
HT-S18-163-3,HT-S18-163-3,0,HT,white sucker,detritivore,-25.25,12.879,3.368674049
HT-S18-163-4,HT-S18-163-4,0,HT,white sucker,detritivore,-26.903,13.381,3.392718873
HT-S18-212-1,HT-S18-212-MT1,0,HT,creek chub,cc,-25.274,12.955,3.428842714
HT-S18-212-2,HT-S18-212-MT2,0,HT,creek chub,cc,-24.547,12.798,3.514603733
HT-S18-212-3,HT-S18-212-MT3,0,HT,creek chub,cc,-24.962,13.915,3.452599695
HT-S18-212-4,HT-S18-212-MT4,0,HT,creek chub,cc,-24.442,11.494,3.23216622
HT-S18-212-5 A,HT-S18-212-5 A,1,HT,creek chub,cc,-24.93,12.921,3.44662105
HT-S18-212-5 B,HT-S18-212-5 B,1,HT,creek chub,cc,-24.978,12.865,3.457192275
HT-S18-212-5 C,HT-S18-212-5 C,1,HT,creek chub,cc,-25.066,12.927,3.460215862
HT-S18-212-5,HT-S18-212-MT5,0,HT,creek chub,cc,-24.99133333,12.90433333,3.454676396
HT-S18-212-7,HT-S18-212-MT7,0,HT,creek chub,cc,-25.27,13.236,3.539687883
HT-S18-281-17,HT-S18-281-17,0,HT,brook stickleback,planktivore,-26.209,14.234,3.388910672
HT-S18-281-25,HT-S18-281-25,0,HT,brook stickleback,planktivore,-26.473,13.008,3.601676695
HT-S18-281-36,HT-S18-281-36,0,HT,brook stickleback,planktivore,-27.531,14.975,3.58798887
HT-S18-341-23,HT-S18-341-23,0,HT,johnny darter,invertivore,-26.387,13.902,3.40384725
HT-S18-341-26,HT-S18-341-26,0,HT,johnny darter,invertivore,-26.967,13.642,3.379790849
HT-S18-341-28,HT-S18-341-28,0,HT,johnny darter,invertivore,-25.295,13.559,3.469846128
HT-S18-ALGAE-1,HT-S18-ALGAE-1,0,HT,algae,algae,-33.671,7.706,9.668138938
HT-S18-ALGAE-2,HT-S18-ALGAE-2,0,HT,algae,algae,-33.753,7.693,9.346463083
HT-S18-ALGAE-3,HT-S18-ALGAE-3,0,HT,algae,algae,-33.265,7.795,9.970937349
HT-S18-AQU-1,HT-S18-AQU-1,0,HT,mayfly/caddisfly,aqbase,-26.914,9.462,4.677666536
HT-S18-AQU-2,HT-S18-AQU-2,0,HT,mayfly/caddisfly,aqbase,-26.922,9.6,4.654602052
HT-S18-DET-1,HT-S18-DET-1,0,HT,detritus,det,-27.276,4.144,16.80588235
HT-S18-DET-1 A,HT-S18-DET-1 A,1,HT,detritus,det,-27.227,3.692,16.8383492
HT-S18-DET-1 B,HT-S18-DET-1 B,1,HT,detritus,det,-27.275,4.023,16.76646248
HT-S18-DET-1,HT-S18-DET-1,0,HT,detritus,det,-27.251,3.8575,16.80240584
HT-S18-DET-2,HT-S18-DET-2,0,HT,detritus,det,-27.417,4.141,17.9610422
HT-S18-DET-3,HT-S18-DET-3,0,HT,detritus,det,-27.549,4.157,19.86436693
HT-S18-GOL-1,HT-S18-GOL-1,0,HT,goldenrod,terpp,-33.258,-2.952,14.07515669
HT-S18-GOL-2,HT-S18-GOL-2,0,HT,goldenrod,terpp,-33.503,-3.027,13.22725438
HT-S18-GOL-3,HT-S18-GOL-3,0,HT,goldenrod,terpp,-33.319,-3.113,13.79347174
HT-S18-SNAIL-1,HT-S18-SNAIL-1,0,HT,european garden snail,terbase,-23.344,-0.329,4.697544774
HT-S18-SNAIL-2,HT-S18-SNAIL-2,0,HT,european garden snail,terbase,-23.224,0.227,4.583361881
HT-S18-SNAIL-3,HT-S18-SNAIL-3,0,HT,european garden snail,terbase,-23.026,-0.043,4.627976978
JC-S18-163-1,JC-S18-163-1,0,JC,white sucker,detritivore,-28.536,13.571,3.373476703
JC-S18-163-2,JC-S18-163-2,0,JC,white sucker,detritivore,-30.912,13.129,3.278839349
JC-S18-212-1,JC-S18-212-1,0,JC,creek chub,cc,-26.916,12.321,3.308185053
JC-S18-212-2,JC-S18-212-2,0,JC,creek chub,cc,-25.687,9.953,3.345070423
JC-S18-212-3,JC-S18-212-3,0,JC,creek chub,cc,-26.081,11.993,3.302752294
JC-S18-212-4,JC-S18-212-4,0,JC,creek chub,cc,-26.059,11.873,3.308398024
JC-S18-212-5,JC-S18-212-5,0,JC,creek chub,cc,-25.627,9.482,3.384285714
JC-S18-212-6,JC-S18-212-6,0,JC,creek chub,cc,-27.575,13.013,3.368953069
JC-S18-212-7,JC-S18-212-7,0,JC,creek chub,cc,-26.118,10.609,3.365800866
JC-S18-800-1,JC-S19-381-1,0,JC,mottled sculpin,invertivore,-28.82555345,14.44009408,3.457617534
JC-S18-800-6,JC-S19-381-6,0,JC,mottled sculpin,invertivore,-28.42193596,14.98274566,3.266093323
JC-S18-800-7,JC-S18-381-7,0,JC,mottled sculpin,invertivore,-28.38452751,15.12597339,3.311577564
JC-S18-ALG-1,JC-S18-ALG-1,0,JC,algae,algae,-33.228,12.286,11.04854369
JC-S18-ALG-2,JC-S18-ALG-2,0,JC,algae,algae,-33.468,12.34,10.86407767
JC-S18-ALG-3,JC-S18-ALG-3,0,JC,algae,algae,-34.629,11.311,10.04761905
JC-S18-AQU-1,JC-S18-AQU-1,0,JC,mayfly/caddisfly,aqbase,-31.08974916,11.82770083,5.31289788
JC-S18-AQU-2 A,JC-S18-AQU-2 A,1,JC,mayfly/caddisfly,aqbase,-31.38507903,11.92453085,5.088213808
JC-S18-AQU-2 B,JC-S18-AQU-2 B,1,JC,mayfly/caddisfly,aqbase,-31.07892039,12.18677882,5.224290229
JC-S18-AQU-2 C,JC-S18-AQU-2 C,1,JC,mayfly/caddisfly,aqbase,-30.9086135,11.45954502,5.039311794
JC-S18-AQU-2,JC-S18-AQU-2,0,JC,mayfly/caddisfly,aqbase,-31.12420431,11.85695156,5.117271944
JC-S18-AQU-3,JC-S18-AQU-3,0,JC,mayfly/caddisfly,aqbase,-31.07399823,11.82366625,4.669811537
JC-S18-DET-1 A,JC-S18-DET-1 A,1,JC,detritus,det,-28.042,6.066,18.45517241
JC-S18-DET-1 B,JC-S18-DET-1 B,1,JC,detritus,det,-27.866,5.902,18.10810811
JC-S18-DET-1 C,JC-S18-DET-1 C,1,JC,detritus,det,-27.842,5.788,18.65306122
JC-S18-DET-1,JC-S18-DET-1,0,JC,detritus,det,-27.91666667,5.918666667,18.40544725
JC-S18-DET-2,JC-S18-DET-2,0,JC,detritus,det,-28.23317536,5.655000434,16.4779192
JC-S18-DET-3,JC-S18-DET-3,0,JC,detritus,det,-28.28470018,5.549268806,17.9796908
JC-S18-GOL-1,JC-S18-GOL-1,0,JC,goldenrod,terpp,-34.14961098,-1.214505432,19.01500569
JC-S18-GOL-2,JC-S18-GOL-2,0,JC,goldenrod,terpp,-34.1515927,-1.081324247,18.8526556
JC-S18-GOL-3,JC-S18-GOL-3,0,JC,goldenrod,terpp,-34.15258356,-0.974575969,18.67921868
JC-S18-TER-1,JC-S18-TER-1,0,JC,snails/caterpillars,terbase,-29.56978474,1.970203038,5.654068973
JC-S18-TER-2,JC-S18-TER-2,0,JC,snails/caterpillars,terbase,-28.93679437,1.374093225,5.546044927
JC-S18-TER-3,JC-S18-TER-3,0,JC,snails/caterpillars,terbase,-29.06575508,2.42611105,5.55582778
JW-S18-163-12,JW-S18-163-12,0,JW,white sucker,detritivore,-26.63519022,13.53533858,3.153417696
JW-S18-163-8,JW-S18-163-8,0,JW,white sucker,detritivore,-24.62005604,15.49211191,3.169486853
JW-S18-163-9,JW-S18-163-9,0,JW,white sucker,detritivore,-25.9854645,15.57784682,3.162061899
JW-S18-198-10,JW-S18-198-10,0,JW,common shiner,invertivore,-25.94116502,16.29600281,3.391937981
JW-S18-198-4,JW-S18-198-4,0,JW,common shiner,invertivore,-27.12051565,15.62323589,4.09788693
JW-S18-198-7,JW-S18-198-7,0,JW,common shiner,invertivore,-27.52117984,15.38418678,3.309093657
JW-S18-208-11,JW-S18-208-11,0,JW,bluntnose minnow,detritivore,-26.62829919,14.59946016,3.258557807
JW-S18-208-13,JW-S18-208-13,0,JW,bluntnose minnow,detritivore,-28.4111072,16.07914391,3.202639953
JW-S18-208-6 A,JW-S18-208-6 A,1,JW,bluntnose minnow,detritivore,-26.87834515,15.65652121,3.321649039
JW-S18-208-6 B,JW-S18-208-6 B,1,JW,bluntnose minnow,detritivore,-26.93642669,15.69384112,3.324109651
JW-S18-208-6,JW-S18-208-6,0,JW,bluntnose minnow,detritivore,-26.90738592,15.67518117,3.322879345
JW-S18-212-11,JW-S18-212-11,0,JW,creek chub,cc,-24.94443171,10.70451669,3.338565769
JW-S18-212-14,JW-S18-212-14,0,JW,creek chub,cc,-25.12786474,12.04164292,3.294548354
JW-S18-212-15,JW-S18-212-15,0,JW,creek chub,cc,-25.42273828,11.53000292,3.230838653
JW-S18-212-16,JW-S18-212-16,0,JW,creek chub,cc,-25.98881657,12.63906083,3.233420988
JW-S18-212-17,JW-S18-212-17,0,JW,creek chub,cc,-25.45922765,11.76412616,3.237542438
JW-S18-212-18,JW-S18-212-18,0,JW,creek chub,cc,-25.47697923,11.96898398,3.30915192
JW-S18-212-26,JW-S18-212-26,0,JW,creek chub,cc,-25.16534031,12.89841286,3.274182459
JW-S18-212-27,JW-S18-212-27,0,JW,creek chub,cc,-25.10518217,12.45438603,3.260139398
JW-S18-212-6,JW-S18-212-6,0,JW,creek chub,cc,-28.48291413,10.71763567,4.146449969
JW-S18-212-7,JW-S18-212-7,0,JW,creek chub,cc,-26.1821116,12.9206142,3.205534306
JW-S18-341-21 A,JW-S18-341-21 A,1,JW,johnny darter,invertivore,-24.46612514,11.56229578,3.325150099
JW-S18-341-21 B,JW-S18-341-21 B,1,JW,johnny darter,invertivore,-24.3980774,11.53202123,3.324229081
JW-S18-341-21,JW-S18-341-21,0,JW,johnny darter,invertivore,-24.43210127,11.54715851,3.32468959
JW-S18-341-26 A,JW-S18-341-26 A,1,JW,johnny darter,invertivore,-25.48289643,13.27785396,3.287993676
JW-S18-341-26 B,JW-S18-341-26 B,1,JW,johnny darter,invertivore,-25.38920751,13.2748265,3.343744788
JW-S18-341-26 C,JW-S18-341-26 C,1,JW,johnny darter,invertivore,-25.54897177,13.22840552,3.342250307
JW-S18-341-26,JW-S18-341-26,0,JW,johnny darter,invertivore,-25.4736919,13.26036199,3.324662924
JW-S18-341-31,JW-S18-341-31,0,JW,johnny darter,invertivore,-25.47106204,13.03767581,3.677640832
JW-S18-ALGAE-1,JW-S18-ALGAE-1,0,JW,algae,algae,-19.3818072,8.687668186,12.67985382
JW-S18-ALGAE-2,JW-S18-ALGAE-2,0,JW,algae,algae,-20.2498021,8.62870247,12.07428878
JW-S18-ALGAE-3,JW-S18-ALGAE-3,0,JW,algae,algae,-19.37685289,8.85338218,12.49248722
JW-S18-CADDIS-1,JW-S18-CADDIS-1,0,JW,caddisfly,aqbase,-28.56772726,10.8952464,4.466419065
JW-S18-CADDIS-2,JW-S18-CADDIS-2,0,JW,caddisfly,aqbase,-28.47403834,10.83368813,4.433554729
JW-S18-CAT-1,JW-S18-CAT-1,0,JW,caterpillar,terbase,-28.1860682,0.412176796,4.458494127
JW-S18-CAT-2,JW-S18-CAT-2,0,JW,caterpillar,terbase,-28.51348631,0.568595336,4.357370149
JW-S18-DET-1,JW-S18-DET-1,0,JW,detritus,det,-27.76251602,2.800246479,40.32481155
JW-S18-DET-2,JW-S18-DET-2,0,JW,detritus,det,-27.54948074,2.820579485,41.77428914
JW-S18-DET-3,JW-S18-DET-3,0,JW,detritus,det,-27.87646513,2.510501153,39.82121812
JW-S18-GOL-1,JW-S18-GOL-1,0,JW,goldenrod,terpp,-32.88229878,-3.278305478,14.4311014
JW-S18-GOL-2 A,JW-S18-GOL-2 A,1,JW,goldenrod,terpp,-32.7624045,-3.3616708,14.76253018
JW-S18-GOL-2 B,JW-S18-GOL-2 B,1,JW,goldenrod,terpp,-32.7624045,-3.373870603,14.74166421
JW-S18-GOL-2 C,JW-S18-GOL-2 C,1,JW,goldenrod,terpp,-32.79906639,-3.388103707,14.52204031
JW-S18-GOL-2,JW-S18-GOL-2,0,JW,goldenrod,terpp,-32.77462513,-3.37454837,14.67541157
JW-S18-GOL-3,JW-S18-GOL-3,0,JW,goldenrod,terpp,-31.67047483,1.21223876,16.17863403
KC-S18-163-1,KC-S18-163-1,0,KC,white sucker,detritivore,-26.41288219,15.22955367,3.311198382
KC-S18-163-7,KC-S18-163-7,0,KC,white sucker,detritivore,-26.10420187,11.72376008,3.274125108
KC-S18-163-8,KC-S18-163-8,0,KC,white sucker,detritivore,-26.67126636,10.53699748,3.278302832
KC-S18-165-1,KC-S18-165-1,0,KC,northern hog sucker,herbivore,-25.86554168,13.72288993,3.323916863
KC-S18-165-3,KC-S18-165-3,0,KC,northern hog sucker,herbivore,-26.38329622,12.55731952,3.277528778
KC-S18-165-7,KC-S18-165-7,0,KC,northern hog sucker,herbivore,-26.12195345,13.20620417,3.276212075
KC-S18-198-10,KC-S18-198-10,0,KC,common shiner,invertivore,-26.35173785,11.73788821,3.377529622
KC-S18-198-3,KC-S18-198-3,0,KC,common shiner,invertivore,-26.8507546,11.38872166,3.371163547
KC-S18-198-7,KC-S18-198-7,0,KC,common shiner,invertivore,-26.97107089,11.24239464,3.704464515
KC-S18-208-6,KC-S18-208-6,0,KC,bluntnose minnow,detritivore,-26.23536635,14.31324377,3.428434133
KC-S18-208-7 A,KC-S18-208-7 A,1,KC,bluntnose minnow,detritivore,-25.7363496,12.98620907,3.487028184
KC-S18-208-7 B,KC-S18-208-7 B,1,KC,bluntnose minnow,detritivore,-25.80439734,13.02455684,3.492750043
KC-S18-208-7 C,KC-S18-208-7 C,1,KC,bluntnose minnow,detritivore,-25.8487763,13.02052023,3.479023638
KC-S18-208-7,KC-S18-208-7,0,KC,bluntnose minnow,detritivore,-25.79650775,13.01042871,3.486267288
KC-S18-208-8,KC-S18-208-8,0,KC,bluntnose minnow,detritivore,-26.02800849,12.29864099,3.313098202
KC-S18-212-1,KC-S18-212-1,0,KC,creek chub,cc,-25.22126384,10.31924945,3.383228835
KC-S18-212-11,KC-S18-212-11,0,KC,creek chub,cc,-25.68578307,9.665505459,3.398288313
KC-S18-212-12,KC-S18-212-12,0,KC,creek chub,cc,-25.06741034,9.948996296,3.268378946
KC-S18-212-13,KC-S18-212-13,0,KC,creek chub,cc,-25.02204328,9.963120395,3.216692784
KC-S18-212-14,KC-S18-212-14,0,KC,creek chub,cc,-25.04768553,10.27183284,3.236842718
KC-S18-212-3,KC-S18-212-3,0,KC,creek chub,cc,-25.52108092,11.91930806,3.295370109
KC-S18-212-4,KC-S18-212-4,0,KC,creek chub,cc,-25.66605826,10.26577965,3.280321126
KC-S18-212-6,KC-S18-212-6,0,KC,creek chub,cc,-25.57828287,10.57045664,3.431545033
KC-S18-212-8,KC-S18-212-8,0,KC,creek chub,cc,-26.37319263,11.09910147,3.277196453
KC-S18-341-2,KC-S18-341-2,0,KC,johnny darter,invertivore,-26.22328409,14.04498491,3.463390749
KC-S18-341-3 A,KC-S18-341-3 A,1,KC,johnny darter,invertivore,-26.89590004,14.85812944,3.240703679
KC-S18-341-3 B,KC-S18-341-3 B,1,KC,johnny darter,invertivore,-26.53690853,15.13859369,3.191693939
KC-S18-341-3 C,KC-S18-341-3 C,1,KC,johnny darter,invertivore,-26.85743666,14.91260811,3.235227183
KC-S18-341-3,KC-S18-341-3,0,KC,johnny darter,invertivore,-26.76341508,14.96977708,3.2225416
KC-S18-341-6,KC-S18-341-6,0,KC,johnny darter,invertivore,-25.35539254,13.80891068,3.339738144
KC-S18-ALG-1,KC-S18-ALG-1,0,KC,algae,algae,-17.81163973,11.16467764,13.97809486
KC-S18-ALG-2,KC-S18-ALG-2,0,KC,algae,algae,-25.4569753,10.52606661,13.19455783
KC-S18-ALG-3,KC-S18-ALG-3,0,KC,algae,algae,-17.88363528,11.11726103,13.99192885
KC-S18-DET-1,KC-S18-DET-1,0,KC,detritus,det,-27.71053461,2.703333687,25.59829807
KC-S18-DET-2,KC-S18-DET-2,0,KC,detritus,det,-27.62275921,2.587314305,25.48451524
KC-S18-DET-3,KC-S18-DET-3,0,KC,detritus,det,-27.84762202,2.621615688,26.11051564
KC-S18-GOL-1,KC-S18-GOL-1,0,KC,goldenrod,terpp,-34.43077668,-0.20017745,12.81462156
KC-S18-GOL-2,KC-S18-GOL-2,0,KC,goldenrod,terpp,-34.02937683,-0.198159722,12.46028129
KC-S18-GOL-3,KC-S18-GOL-3,0,KC,goldenrod,terpp,-33.96329873,-0.29400182,12.74820273
KC-S18-TER-3-1,KC-S18-TER-3-1,0,KC,european garden snail,terbase,-26.43138081,0.104499535,4.537623217
KC-S18-TER-3-2,KC-S18-TER-3-2,0,KC,european garden snail,terbase,-26.3140182,0.043967683,4.62747366
KC-S18-TER-4,KC-S18-TER-4-1,0,KC,caterpillar,terbase,-28.31509997,1.569370338,3.896909189
KC-S18-TER-4,KC-S18-TER-4-2,0,KC,caterpillar,terbase,-28.31509997,1.569370338,3.896909189
LE-S18-331-1,LE-S18-331-1,0,LEF,yellow perch,perch,-23.25864545,10.44434861,3.125226418
LE-S18-331-2,LE-S18-331-2,0,LEF,yellow perch,perch,-27.79436504,12.4872986,3.137826415
LE-S18-331-4,LE-S18-331-4,0,LEF,yellow perch,perch,-27.21544193,11.18586379,3.184503272
LE-S18-630-4 ,LE-S18-630-4,0,LEF,blacknose dace,invertivore,-27.46397451,12.31680055,3.265698735
LE-S18-630-6,LE-S18-630-6,0,LEF,blacknose dace,invertivore,-27.52157419,12.08379034,3.33928459
LE-S18-630-7,LE-S18-630-7,0,LEF,blacknose dace,invertivore,-27.52354549,12.3122465,3.296571441
LE-S18-AQU-1,LE-S18-AQU-1,0,LEF,algae,algae,-29.75209759,7.922265288,8.017913191
LE-S18-AQU-2,LE-S18-AQU-2,0,LEF,algae,algae,-29.9176866,8.104426361,7.892742618
LE-S18-AQU-3,LE-S18-AQU-3,0,LEF,algae,algae,-29.97189728,7.91220114,7.979437999
LE-S18-GOL-1,LE-S18-GOL-1,0,LEF,goldenrod,terpp,-28.54862032,-2.015074109,19.4995422
LE-S18-GOL-2,LE-S18-GOL-2,0,LEF,goldenrod,terpp,-28.46484016,-2.101625779,19.86363619
LE-S18-GOL-3,LE-S18-GOL-3,0,LEF,goldenrod,terpp,-28.48553879,-2.065394847,19.70240391
LE-S18-TER-1,LE-S18-TER-1,0,LEF,caterpillar,terbase,-29.24843101,-0.029417776,6.011616081
LE-S18-TER-2,LE-S18-TER-2,0,LEF,caterpillar,terbase,-29.1735217,-0.266931661,6.028859849
LE-S18-TER-3,LE-S18-TER-3,0,LEF,caterpillar,terbase,-29.26321575,-0.196482627,6.319041257
LEST-S18-212-10-MT A,LEST-S18-212-10-MT A,1,LEST,creek chub,cc,-25.548,8.955,3.279091092
LEST-S18-212-10-MT B,LEST-S18-212-10-MT B,1,LEST,creek chub,cc,-25.571,9.081,3.266717109
LEST-S18-212-10-MT,LEST-S18-212-MT10,0,LEST,creek chub,cc,-25.5595,9.018,3.272904101
LEST-S18-212-12,LEST-S18-212-12,0,LEST,creek chub,cc,-26.598,10.378,3.341580654
LEST-S18-212-12-MT,LEST-S18-212-MT12,0,LEST,creek chub,cc,-25.767,9.238,3.263356713
LEST-S18-212-15-MT,LEST-S18-212-MT15,0,LEST,creek chub,cc,-26.452,9.544,3.370193358
LEST-S18-212-6-MT,LEST-S18-212-MT6,0,LEST,creek chub,cc,-25.41,9.66,3.406154365
LEST-S18-212-7-MT,LEST-S18-212-MT7,0,LEST,creek chub,cc,-27.355,11.48,3.281699692
LEST-S18-212-8-MT,LEST-S18-212-MT8,0,LEST,creek chub,cc,-26.461,9.823,3.382684844
LEST-S18-212-9-MT,LEST-S18-212-MT9,0,LEST,creek chub,cc,-25.112,9.007,3.254318083
LEST-S18-630-14,LEST-S18-630-14,0,LEST,blacknose dace,invertivore,-29.657,10.077,3.560541914
LEST-S18-630-15,LEST-S18-630-15,0,LEST,blacknose dace,invertivore,-27.315,11.555,3.450037151
LEST-S18-630-16,LEST-S18-630-16,0,LEST,blacknose dace,invertivore,-28.566,11.469,3.353413863
LEST-S18-ALG-1,LEST-S18-ALG-1,0,LEST,algae,algae,-20.375,5.637,19.19402985
LEST-S18-ALG-2,LEST-S18-ALG-2,0,LEST,algae,algae,-20.128,5.467,19.59375
LEST-S18-ALG-3,LEST-S18-ALG-3,0,LEST,algae,algae,-19.874,5.527,19.93650794
LEST-S18-CADDIS-1,LEST-S18-CADDIS-1,0,LEST,caddisfly,aqbase,-30.359,7.235,5.035526316
LEST-S18-CADDIS-2,LEST-S18-CADDIS-2,0,LEST,caddisfly,aqbase,-30.405,7.43,4.992146597
LEST-S18-CAT-1,LEST-S18-CAT-1,0,LEST,caterpillar,terbase,-29.831,-0.84,4.375
LEST-S18-CAT-2,LEST-S18-CAT-2,0,LEST,caterpillar,terbase,-29.774,-0.818,4.302112029
LEST-S18-DET-1,LEST-S18-DET-1,0,LEST,detritus,det,-25.369,0.724,21.19792039
LEST-S18-DET-2,LEST-S18-DET-2,0,LEST,detritus,det,-25.429,1.152,21.46531192
LEST-S18-DET-3,LEST-S18-DET-3,0,LEST,detritus,det,-25.944,0.99,21.73760763
LEST-S18-GOL-1 A,LEST-S18-GOL-1 A,1,LEST,goldenrod,terpp,-33.084,2.916,12.86592179
LEST-S18-GOL-1 B,LEST-S18-GOL-1 B,1,LEST,goldenrod,terpp,-33.036,2.933,12.99147727
LEST-S18-GOL-1 C,LEST-S18-GOL-1 C,1,LEST,goldenrod,terpp,-32.933,2.909,12.90756303
LEST-S18-GOL-1,LEST-S18-GOL-1,0,LEST,goldenrod,terpp,-33.01766667,2.919333333,12.92165403
LEST-S18-GOL-2,LEST-S18-GOL-2,0,LEST,goldenrod,terpp,-33.549,2.67,13.25071532
LEST-S18-GOL-3,LEST-S18-GOL-3,0,LEST,goldenrod,terpp,-33.593,2.632,12.81078198
LEST-S18-SNAIL-1,LEST-S18-SNAIL-1,0,LEST,european garden snail,terbase,-28.182,1.813,5.155074116
LEST-S18-SNAIL-2,LEST-S18-SNAIL-2,0,LEST,european garden snail,terbase,-28.207,1.812,5.161440186
LEST-S18-SNAIL-3,LEST-S18-SNAIL-3,0,LEST,european garden snail,terbase,-28.134,1.757,5.185765983
MT-S18-281-10,MT-S18-281-10,0,MT,brook stickleback,planktivore,-29.309,13.639,3.698859571
MT-S18-281-12,MT-S18-281-12,0,MT,brook stickleback,planktivore,-29.327,14.324,3.955955127
MT-S18-281-2,MT-S18-281-2,0,MT,brook stickleback,planktivore,-26.717,12.534,3.344445348
MT-S18-ALG-1,MT-S18-ALG-1,0,MT,algae,algae,-27.799,2.344,19.06110299
MT-S18-ALG-2,MT-S18-ALG-2,0,MT,algae,algae,-27.792,1.963,18.62136702
MT-S18-ALG-3,MT-S18-ALG-3,0,MT,algae,algae,-27.63,2.135,18.87671384
MT-S18-AQU-1,MT-S18-AQU-1,0,MT,mayfly/caddisfly,aqbase,-27.553,7.544,5.719713313
MT-S18-AQU-2,MT-S18-AQU-2,0,MT,mayfly/caddisfly,aqbase,-27.487,7.497,5.908214448
MT-S18-AQU-3,MT-S18-AQU-3,0,MT,mayfly/caddisfly,aqbase,-27.684,7.74,6.011689438
MT-S18-DET-1,MT-S18-DET-1,0,MT,detritus,det,-25.836,6.682,11.38068474
MT-S18-DET-2,MT-S18-DET-2,0,MT,detritus,det,-25.762,6.976,11.27928598
MT-S18-DET-3,MT-S18-DET-3,0,MT,detritus,det,-26.508,6.919,11.16872853
MT-S18-GOL-1,MT-S18-GOL-1,0,MT,goldenrod,terpp,-31.524,-0.52,17.61554693
MT-S18-GOL-2,MT-S18-GOL-2,0,MT,goldenrod,terpp,-31.095,-0.475,17.39607843
MT-S18-GOL-2 A,MT-S18-GOL-2 A,1,MT,goldenrod,terpp,-31.457,-0.853,17.85759593
MT-S18-GOL-2 B,MT-S18-GOL-2 B,1,MT,goldenrod,terpp,-31.534,-0.974,17.55249474
MT-S18-GOL-2,MT-S18-GOL-2,0,MT,goldenrod,terpp,-31.4955,-0.9135,17.70504534
MT-S18-GOL-3,MT-S18-GOL-3,0,MT,goldenrod,terpp,-31.453,-0.787,17.86219418
MT-S18-TER-1,MT-S18-TER-1,0,MT,snails/caterpillars,terbase,-26.419,7.511,5.182516359
MT-S18-TER-2,MT-S18-TER-2,0,MT,snails/caterpillars,terbase,-26.09,7.725,4.729044356
MT-S18-TER-3,MT-S18-TER-3,0,MT,snails/caterpillars,terbase,-26.13,7.941,4.712703536
PF-S18-163-18,PF-S18-163-18,0,PF,white sucker,detritivore,-26.33004147,15.04487888,3.273513809
PF-S18-163-19,PF-S18-163-19,0,PF,white sucker,detritivore,-26.93556772,14.7300235,3.32936155
PF-S18-163-6,PF-S18-163-6,0,PF,white sucker,detritivore,-25.72648761,13.6270205,3.34042865
PF-S18-198-4,PF-S18-198-4,0,PF,common shiner,invertivore,-26.1801392,14.08517545,3.437898562
PF-S18-198-5,PF-S18-198-5,0,PF,common shiner,invertivore,-25.82214892,13.650231,3.586966148
PF-S18-198-6,PF-S18-198-6,0,PF,common shiner,invertivore,-25.76790797,13.47766603,3.352850616
PF-S18-208-12,PF-S18-208-12,0,PF,bluntnose minnow,detritivore,-26.26692472,13.97114129,3.230363538
PF-S18-208-13,PF-S18-208-13,0,PF,bluntnose minnow,detritivore,-27.05588401,15.1912059,3.475463768
PF-S18-208-7,PF-S18-208-7,0,PF,bluntnose minnow,detritivore,-26.34582065,14.11645916,3.348655144
PF-S18-212-1,PF-S18-212-1,0,PF,creek chub,cc,-25.50163421,13.68656046,3.249739908
PF-S18-212-10,PF-S18-212-10,0,PF,creek chub,cc,-24.85567379,12.03962462,3.273451106
PF-S18-212-11 A,PF-S18-212-11 A,1,PF,creek chub,cc,-24.80537763,12.31613223,3.264416329
PF-S18-212-11 B,PF-S18-212-11 B,1,PF,creek chub,cc,-25.03910682,12.23842753,3.227799882
PF-S18-212-11 C,PF-S18-212-11 C,1,PF,creek chub,cc,-24.92963872,12.20108891,3.272129312
PF-S18-212-11,PF-S18-212-11,0,PF,creek chub,cc,-24.92470772,12.25188289,3.254781841
PF-S18-212-13,PF-S18-212-13,0,PF,creek chub,cc,-25.72155661,12.33530611,3.261878401
PF-S18-212-15,PF-S18-212-15,0,PF,creek chub,cc,-25.57954394,12.54218225,3.249160467
PF-S18-212-2,PF-S18-212-2,0,PF,creek chub,cc,-24.75705388,12.31512308,3.250622955
PF-S18-212-29,PF-S18-212-29,0,PF,creek chub,cc,-24.49472491,12.61887779,3.303368956
PF-S18-212-3,PF-S18-212-3,0,PF,creek chub,cc,-24.74521949,11.99522193,3.203398591
PF-S18-212-5,PF-S18-212-5,0,PF,creek chub,cc,-24.35567084,10.80442273,3.209303424
PF-S18-212-9,PF-S18-212-9,0,PF,creek chub,cc,-24.87539777,11.89127929,3.314944884
PF-S18-341-12,PF-S18-341-12,0,PF,johnny darter,invertivore,-24.77579166,14.28700583,3.423304634
PF-S18-341-6,PF-S18-341-6,0,PF,johnny darter,invertivore,-25.14265773,14.14774287,3.339244921
PF-S18-341-8,PF-S18-341-8,0,PF,johnny darter,invertivore,-25.03417583,13.88536338,3.297383906
PF-S18-ALG-1,PF-S18-ALG-1,0,PF,algae,algae,-31.67245656,1.124806836,16.13015314
PF-S18-ALG-2,PF-S18-ALG-2,0,PF,algae,algae,-31.67047483,1.200038956,16.50998853
PF-S18-ALG-3,PF-S18-ALG-3,0,PF,algae,algae,-23.84068515,12.96979912,13.01366708
PF-S18-CADDIS-1,PF-S18-CADDIS-1,0,PF,caddisfly,aqbase,-29.14563994,12.34237018,4.682460025
PF-S18-CADDIS-2,PF-S18-CADDIS-2,0,PF,caddisfly,aqbase,-29.17917071,12.32218714,4.611138052
PF-S18-DET-1,PF-S18-DET-1,0,PF,detritus,det,-28.61366628,6.787548833,25.51881304
PF-S18-DET-2,PF-S18-DET-2,0,PF,detritus,det,-28.7454509,6.918696718,25.51497777
PF-S18-DET-3,PF-S18-DET-3,0,PF,detritus,det,-28.68500833,6.918696718,25.27317395
PF-S18-MAYFLY-1,PF-S18-MAYFLY-1,0,PF,mayfly,aqbase,-29.24425985,13.13455439,4.944119451
PF-S18-SNAIL-3,PF-S18-SNAIL-3,0,PF,european garden snail,terbase,-26.57560505,0.366764962,4.613210226
PF-S18-SNAIL-1,PF-S18-SNAIL-1,0,PF,european garden snail,terbase,-26.35371024,0.575659399,4.477971924
PF-S18-SNAIL-2 A,PF-S18-SNAIL-2 A,1,PF,european garden snail,terbase,-26.54404667,0.736114546,4.591474563
PF-S18-SNAIL-2 B,PF-S18-SNAIL-2 B,1,PF,european garden snail,terbase,-26.49276432,0.686666104,4.580740662
PF-S18-SNAIL-2 C,PF-S18-SNAIL-2 C,1,PF,european garden snail,terbase,-26.60223242,0.717949812,4.532125111
PF-S18-SNAIL-2,PF-S18-SNAIL-2,0,PF,european garden snail,terbase,-26.5463478,0.713576821,4.568113445
PVFT-S18-CATERPILLAR,PVTF-S18-CATERPILLAR,0,PVTF,caterpillar,terbase,-28.02914723,1.521355548,4.878470788
PVFT-S18-SNAIL-1,PVTF-S18-SNAIL-1,0,PVTF,european garden snail,terbase,-25.6684771,0.786052581,4.067936344
PVFT-S18-SNAIL-2 A,PVTF-S18-SNAIL-2 A,1,PVTF,european garden snail,terbase,-25.87422358,0.778992059,4.135237788
PVFT-S18-SNAIL-2 B,PVTF-S18-SNAIL-2 B,1,PVTF,european garden snail,terbase,-26.06225026,0.56717639,3.98476356
PVFT-S18-SNAIL-2 C,PVTF-S18-SNAIL-2 C,1,PVTF,european garden snail,terbase,-25.91163203,0.80925144,4.071325057
PVFT-S18-SNAIL-2,PVTF-S18-SNAIL-2,0,PVTF,european garden snail,terbase,-25.94936862,0.718473296,4.063775468
PVTF-S18-163-1,PVTF-S18-163-1,0,PVTF,white sucker,detritivore,-27.88246672,11.41314731,3.215962199
PVTF-S18-163-6,PVTF-S18-163-6,0,PVTF,white sucker,detritivore,-27.76335034,15.48606003,3.260935276
PVTF-S18-163-7,PVTF-S18-163-7,0,PVTF,white sucker,detritivore,-27.02502565,15.66358174,3.190314523
PVTF-S18-212-12 A,PVTF-S18-212-12 A,1,PVTF,creek chub,cc,-26.1232851,9.546143477,3.452604795
PVTF-S18-212-12 B,PVTF-S18-212-12 B,1,PVTF,creek chub,cc,-26.30343633,9.659111834,3.435044865
PVTF-S18-212-12 C,PVTF-S18-212-12 C,1,PVTF,creek chub,cc,-26.05339037,9.550178061,3.445996418
PVTF-S18-212-12,PVTF-S18-212-12,0,PVTF,creek chub,cc,-26.16003727,9.585144457,3.444548693
PVTF-S18-212-14,PVTF-S18-212-14,0,PVTF,creek chub,cc,-26.10950304,9.445278873,3.484230504
PVTF-S18-212-15,PVTF-S18-212-15,0,PVTF,creek chub,cc,-26.20007087,14.57928724,3.231583161
PVTF-S18-212-16,PVTF-S18-212-16,0,PVTF,creek chub,cc,-26.18333551,11.05507796,3.354268256
PVTF-S18-212-17,PVTF-S18-212-17,0,PVTF,creek chub,cc,-26.38809756,15.04225577,3.243979342
PVTF-S18-212-18,PVTF-S18-212-18,0,PVTF,creek chub,cc,-26.08193892,15.66862497,3.350072504
PVTF-S18-212-19,PVTF-S18-212-19,0,PVTF,creek chub,cc,-25.99137109,10.23101414,3.239993361
PVTF-S18-212-20,PVTF-S18-212-20,0,PVTF,creek chub,cc,-26.42058384,14.51372525,3.287364479
PVTF-S18-341-11,PVTF-S18-341-11,0,PVTF,johnny darter,invertivore,-25.69702565,12.53072712,3.219057898
PVTF-S18-341-4,PVTF-S18-341-4,0,PVTF,johnny darter,invertivore,-27.09098266,12.03245598,3.271502418
PVTF-S18-341-8,PVTF-S18-341-8,0,PVTF,johnny darter,invertivore,-26.59778177,12.39556855,3.175707927
PVTF-S18-630-12,PVTF-S18-630-12,0,PVTF,blacknose dace,invertivore,-26.89508051,11.16703767,3.423779253
PVTF-S18-630-3 A,PVTF-S18-630-3 A,1,PVTF,blacknose dace,invertivore,-27.40698562,11.11862266,3.667057408
PVTF-S18-630-3 B,PVTF-S18-630-3 B,1,PVTF,blacknose dace,invertivore,-27.24061646,11.07020765,3.672578663
PVTF-S18-630-3 C,PVTF-S18-630-3 C,1,PVTF,blacknose dace,invertivore,-27.32527769,11.16401173,3.674084471
PVTF-S18-630-3,PVTF-S18-630-3,0,PVTF,blacknose dace,invertivore,-27.32429326,11.11761401,3.671240181
PVTF-S18-630-4,PVTF-S18-630-4,0,PVTF,blacknose dace,invertivore,-26.94331772,11.0712163,3.759174865
PVTF-S18-ALG-1,PVTF-S18-ALG-1,0,PVTF,algae,algae,-31.76559756,8.080727975,7.586656227
PVTF-S18-ALG-2,PVTF-S18-ALG-2,0,PVTF,algae,algae,-31.7646067,7.514453776,7.976099878
PVTF-S18-ALG-3,PVTF-S18-ALG-3,0,PVTF,algae,algae,-31.83495789,7.801149151,8.076267684
PVTF-S18-CADDISFLY-1,PVTF-S18-CADDISFLY-1,0,PVTF,caddisfly,aqbase,-28.04982032,8.419485846,4.927413233
PVTF-S18-CADDISFLY-2,PVTF-S18-CADDISFLY-2,0,PVTF,caddisfly,aqbase,-27.89034219,8.652483082,4.842013961
PVTF-S18-DET-1,PVTF-S18-DET-1,0,PVTF,detritus,det,-27.84178497,3.582050536,23.09292479
PVTF-S18-DET-2,PVTF-S18-DET-2,0,PVTF,detritus,det,-28.02905784,3.574933984,22.8516116
PVTF-S18-DET-3,PVTF-S18-DET-3,0,PVTF,detritus,det,-27.99735026,3.550534378,23.18714346
PVTF-S18-GOL-1,PVTF-S18-GOL-1,0,PVTF,goldenrod,terpp,-27.79719619,0.4202682,18.57267907
PVTF-S18-GOL-2,PVTF-S18-GOL-2,0,PVTF,goldenrod,terpp,-27.83980324,0.375535588,17.97787142
PVTF-S18-GOL-3,PVTF-S18-GOL-3,0,PVTF,goldenrod,terpp,-27.76945206,0.317586523,19.51996509
SC-S18-163-3,SC-S18-163-3,0,SC,white sucker,detritivore,-24.797,13.369,3.462210257
SC-S18-163-4,SC-S18-163-4,0,SC,white sucker,detritivore,-25.194,13.256,3.525009648
SC-S18-163-5,SC-S18-163-5,0,SC,white sucker,detritivore,-24.733,13.341,3.373405654
SC-S18-198-1,SC-S18-198-1,0,SC,common shiner,invertivore,-23.886,10.698,3.374332777
SC-S18-198-4,SC-S18-198-4,0,SC,common shiner,invertivore,-24.439,11.063,3.382395269
SC-S18-198-6,SC-S18-198-6,0,SC,common shiner,invertivore,-24.044,10.559,3.426820476
SC-S18-198-6 A,SC-S18-198-6 A,1,SC,common shiner,invertivore,-24.145,10.521,3.426964667
SC-S18-198-6 B,SC-S18-198-6 B,1,SC,common shiner,invertivore,-24.081,10.489,3.405336469
SC-S18-198-6,SC-S18-198-6,0,SC,common shiner,invertivore,-24.113,10.505,3.416150568
SC-S18-208-16,SC-S18-208-16,0,SC,bluntnose minnow,detritivore,-24.68,12.968,3.398647449
SC-S18-208-7,SC-S18-208-7,0,SC,bluntnose minnow,detritivore,-24.872,12.799,3.364559307
SC-S18-208-9,SC-S18-208-9,0,SC,bluntnose minnow,detritivore,-24.826,12.653,3.418755669
SC-S18-212-1,SC-S18-212-1,0,SC,creek chub,cc,-24.491,10.762,3.452132819
SC-S18-212-10,SC-S18-212-10,0,SC,creek chub,cc,-24.501,11.522,3.656050931
SC-S18-212-12,SC-S18-212-12,0,SC,creek chub,cc,-24.521,11.401,3.527940108
SC-S18-212-14,SC-S18-212-14,0,SC,creek chub,cc,-26.255,10.28,3.280466832
SC-S18-212-17,SC-S18-212-17,0,SC,creek chub,cc,-24.838,11.4,3.359655448
SC-S18-212-2,SC-S18-212-2,0,SC,creek chub,cc,-24.389,10.809,3.427374162
SC-S18-212-3,SC-S18-212-3,0,SC,creek chub,cc,-24.236,10.3,3.370701881
SC-S18-212-7,SC-S18-212-7,0,SC,creek chub,cc,-24.261,11.224,3.29713445
SC-S18-212-MT1,SC-S18-212-MT1,0,SC,creek chub,cc,-24.958,11.031,3.663487482
SC-S18-212-MT2,SC-S18-212-MT2,0,SC,creek chub,cc,-24.567,10.964,3.769098712
SC-S18-341-38,SC-S18-341-38,0,SC,johnny darter,invertivore,-23.324,12.319,3.431796841
SC-S18-341-41,SC-S18-341-41,0,SC,johnny darter,invertivore,-23.301,13.398,3.398766136
SC-S18-341-42,SC-S18-341-42,0,SC,johnny darter,invertivore,-29.01,6.798,11.2353983
SC-S18-ALG-1,SC-S18-ALG-1,0,SC,algae,algae,-29.071,6.754,11.32269492
SC-S18-ALG-2,SC-S18-ALG-2,0,SC,algae,algae,-29.155,6.555,11.29565254
SC-S18-ALG-3,SC-S18-ALG-3,0,SC,algae,algae,-26.781,1.902,20.48603073
SC-S18-DET-1,SC-S18-DET-1,0,SC,detritus,det,-26.668,1.851,21.13337174
SC-S18-DET-2,SC-S18-DET-2,0,SC,detritus,det,-26.983,1.884,20.12468983
SC-S18-DET-3,SC-S18-DET-3,0,SC,detritus,det,-33.684,0.283,12.55846597
SC-S18-GOL-1,SC-S18-GOL-1,0,SC,goldenrod,terpp,-33.65,0.106,12.59228178
SC-S18-GOL-2,SC-S18-GOL-2,0,SC,goldenrod,terpp,-33.719,0.243,12.67594711
SC-S18-GOL-3,SC-S18-GOL-3,0,SC,goldenrod,terpp,-33.696,0.349,12.86297376
SC-S18-GOL-3,SC-S18-GOL-3,0,SC,goldenrod,terpp,-26.452,9.973,4.806508951
SC-S18-MAYFLY,SC-S18-MAYFLY,0,SC,mayfly,aqbase,-33.614,0.211,12.62006068
SC-S18-SNAIL-1,SC-S18-SNAIL-1,0,SC,european garden snail,terbase,-26.026,3.396,4.316059957
SC-S18-SNAIL-2,SC-S18-SNAIL-2,0,SC,european garden snail,terbase,-26.174,3.263,4.316960148
SC-S18-SNAIL-3,SC-S18-SNAIL-3,0,SC,european garden snail,terbase,-26.29,3.428,4.329313544
UH-S18-212-12 A,UH-S18-212-12 A,1,UH,creek chub,cc,-25.95439249,9.4157848,3.264661397
UH-S18-212-12 B,UH-S18-212-12 B,1,UH,creek chub,cc,-25.92777997,9.424842533,3.275857379
UH-S18-212-12 C,UH-S18-212-12 C,1,UH,creek chub,cc,-25.89032531,9.414778386,3.267385757
UH-S18-212-12,UH-S18-212-12,0,UH,creek chub,cc,-25.92416592,9.418468573,3.269301511
UH-S18-212-13,UH-S18-212-13,0,UH,creek chub,cc,-28.38419472,9.635768883,3.319217428
UH-S18-212-16,UH-S18-212-16,0,UH,creek chub,cc,-25.88184334,9.640334457,3.228930567
UH-S18-212-18,UH-S18-212-18,0,UH,creek chub,cc,-27.72794338,8.832459431,3.32175213
UH-S18-212-19,UH-S18-212-19,0,UH,creek chub,cc,-26.12393999,11.65187496,3.299283877
UH-S18-212-24,UH-S18-212-24,0,UH,creek chub,cc,-26.64995628,9.646983986,3.319686546
UH-S18-212-26,UH-S18-212-26,0,UH,creek chub,cc,-26.18819626,10.29888451,3.268162426
UH-S18-212-30,UH-S18-212-30,0,UH,creek chub,cc,-26.93168593,9.855450002,3.26914067
UH-S18-212-32,UH-S18-212-32,0,UH,creek chub,cc,-26.97092768,9.011332273,3.520927717
UH-S18-212-7,UH-S18-212-7,0,UH,creek chub,cc,-26.29169428,8.636356203,3.276447244
UH-S18-630-18,UH-S18-630-18,0,UH,blacknose dace,invertivore,-28.56461125,11.04200087,3.738029518
UH-S18-630-3,UH-S18-630-3,0,UH,blacknose dace,invertivore,-28.33658431,11.43617551,3.43863879
UH-S18-630-5,UH-S18-630-5,0,UH,blacknose dace,invertivore,-28.71727959,10.42896561,3.879449594
UH-S18-AQU-1 A,UH-S18-AQU-1 A,1,UH,caddisfly,aqbase,-34.00332076,5.030348163,5.63529795
UH-S18-AQU-1 B,UH-S18-AQU-1 B,1,UH,caddisfly,aqbase,-34.20617567,4.778194588,5.536302074
UH-S18-AQU-1 C,UH-S18-AQU-1 C,1,UH,caddisfly,aqbase,-34.25659596,4.979074805,5.664457393
UH-S18-AQU-1,UH-S18-AQU-1,0,UH,caddisfly,aqbase,-34.15536413,4.929205852,5.612019139
UH-S18-AQU-2,UH-S18-AQU-2,0,UH,caddisfly,aqbase,-33.8589347,4.786998545,5.677109784
UH-S18-DET-1,UH-S18-DET-1,0,UH,detritus,det,-26.39432851,-0.497857087,31.7755469
UH-S18-DET-2,UH-S18-DET-2,0,UH,detritus,det,-26.38377495,-0.695646607,32.54331217
UH-S18-DET-3,UH-S18-DET-3,0,UH,detritus,det,-26.5845974,-0.941759732,32.22483376
UH-S18-GOL-1,UH-S18-GOL-1,0,UH,goldenrod,terpp,-29.06076051,-2.994974315,22.42594163
UH-S18-GOL-2,UH-S18-GOL-2,0,UH,goldenrod,terpp,-29.17317088,-3.085042466,22.36694112
UH-S18-GOL-3,UH-S18-GOL-3,0,UH,goldenrod,terpp,-28.94920886,-2.961681365,22.25766281
UH-S18-TER-1-1,UH-S18-TER-1-1,0,UH,european garden snail,terbase,-27.93665177,-1.262769409,4.561828178
UH-S18-TER-1-2,UH-S18-TER-1-2,0,UH,european garden snail,terbase,-27.60090437,-1.035713906,4.57565296
UH-S18-TER-2-1,UH-S18-TER-2-1,0,UH,caterpillar,terbase,-26.97248251,1.285364457,5.319392315
UH-S18-TER-2-1,UH-S18-TER-2-2,0,UH,caterpillar,terbase,-26.97248251,1.285364457,5.319392315
UH-S18-ALG1 + UH-S18-ALG2,UH-S18-ALG-1,0,UH,algae,algae,-28.19,5.53,12.75
UH-S18-ALG1 + UH-S18-ALG2,UH-S18-ALG-2,0,UH,algae,algae,-28.19,5.53,12.75
VN-S18-212-1,VN-S18-212-1,0,VN,creek chub,cc,-25.34510582,8.917005604,3.480260845
VN-S18-212-2,VN-S18-212-2,0,VN,creek chub,cc,-25.21870195,9.198425161,3.526219084
VN-S18-630-18,VN-S18-630-18,0,VN,blacknose dace,invertivore,-25.78435124,8.644249059,3.628782371
VN-S18-630-19,VN-S18-630-19,0,VN,blacknose dace,invertivore,-25.51293633,8.774400633,3.53961562
VN-S18-630-28,VN-S18-630-28,0,VN,blacknose dace,invertivore,-25.63754146,9.429321384,3.739676476
VN-S18-ALG-1,VN-S18-ALG-1,0,VN,algae,algae,-29.24172072,5.308259226,12.70235184
VN-S18-ALG-2,VN-S18-ALG-2,0,VN,algae,algae,-29.91305801,5.806128262,12.52694293
VN-S18-ALG-3,VN-S18-ALG-3,0,VN,algae,algae,-30.02140345,5.738208429,12.6332915
VN-S18-DET-1,VN-S18-DET-1,0,VN,detritus,det,-28.61454883,2.026890168,21.34962595
VN-S18-DET-2,VN-S18-DET-2,0,VN,detritus,det,-28.51863189,1.20693424,23.95515915
VN-S18-DET-3,VN-S18-DET-3,0,VN,detritus,det,-28.45929925,1.359490853,23.70538822
VN-S18-GOL-1,VN-S18-GOL-1,0,VN,goldenrod,terpp,-33.12543966,1.842258763,13.67128736
VN-S18-GOL-2,VN-S18-GOL-2,0,VN,goldenrod,terpp,-33.30796995,1.885080523,13.19679711
VN-S18-GOL-3,VN-S18-GOL-3,0,VN,goldenrod,terpp,-33.19985824,1.792998888,13.43689262
VN-S18-TER-1-1,VN-S18-TER-1-1,0,VN,european garden snail,terbase,-26.71286604,1.174391313,4.407529658
VN-S18-TER-1-2 A,VN-S18-TER-1-2 A,1,VN,european garden snail,terbase,-26.54073179,1.182983854,4.343149595
VN-S18-TER-1-2 B,VN-S18-TER-1-2 B,1,VN,european garden snail,terbase,-26.56066516,1.032511197,4.31852201
VN-S18-TER-1-2 C,VN-S18-TER-1-2 C,1,VN,european garden snail,terbase,-26.47795922,0.96257788,4.473564742
VN-S18-TER-1-2,VN-S18-TER-1-2,0,VN,european garden snail,terbase,-26.52645206,1.059357644,4.378412116
VN-S18-TER-2,VN-S18-TER-2-1,0,VN,caterpillar,terbase,-26.50203373,1.762142253,6.036221391
VN-S18-TER-2,VN-S18-TER-2-2,0,VN,caterpillar,terbase,-26.50203373,1.762142253,6.036221391
WA-S18-163-1 A,WA-S18-163-1 A,1,WA,white sucker,detritivore,-28.84865602,13.0986703,3.169419424
WA-S18-163-1 B,WA-S18-163-1 B,1,WA,white sucker,detritivore,-28.97390855,13.13902486,3.178077041
WA-S18-163-1 C,WA-S18-163-1 C,1,WA,white sucker,detritivore,-28.94925254,13.18543262,3.16584699
WA-S18-163-1,WA-S18-163-1,0,WA,white sucker,detritivore,-28.92393904,13.14104259,3.171114485
WA-S18-163-2,WA-S18-163-2,0,WA,white sucker,detritivore,-28.36934319,12.81316173,3.207601305
WA-S18-163-5,WA-S18-163-5,0,WA,white sucker,detritivore,-29.21159249,12.15134682,3.170630954
WA-S18-212-11,WA-S18-212-11,0,WA,creek chub,cc,-25.89289355,9.329553684,3.274977498
WA-S18-212-17,WA-S18-212-17,0,WA,creek chub,cc,-25.97672399,9.52123788,3.2616852
WA-S18-212-20,WA-S18-212-20,0,WA,creek chub,cc,-25.87908619,8.517418011,3.335955763
WA-S18-212-24,WA-S18-212-24,0,WA,creek chub,cc,-26.12071508,10.48369432,3.18085684
WA-S18-212-25,WA-S18-212-25,0,WA,creek chub,cc,-26.04082961,9.719984125,3.286154384
WA-S18-212-26,WA-S18-212-26,0,WA,creek chub,cc,-26.13057749,9.710904347,3.19149173
WA-S18-212-29,WA-S18-212-29,0,WA,creek chub,cc,-26.0063112,8.978468946,3.354467574
WA-S18-212-4,WA-S18-212-4,0,WA,creek chub,cc,-26.33768797,10.70261785,3.293998897
WA-S18-212-5,WA-S18-212-5,0,WA,creek chub,cc,-25.43133305,9.493998546,3.298603333
WA-S18-212-8 A,WA-S18-212-8 A,1,WA,creek chub,cc,-26.08323795,9.161073364,3.249587901
WA-S18-212-8 B,WA-S18-212-8 B,1,WA,creek chub,cc,-25.96784782,8.887671169,3.287521576
WA-S18-212-8 C,WA-S18-212-8 C,1,WA,creek chub,cc,-25.97573775,8.903812996,3.270907257
WA-S18-212-8,WA-S18-212-8,0,WA,creek chub,cc,-26.00894117,8.984185843,3.269338911
WA-S18-341-13,WA-S18-341-13,0,WA,johnny darter,invertivore,-28.30326508,14.54033722,3.327656836
WA-S18-341-15,WA-S18-341-15,0,WA,johnny darter,invertivore,-27.76675031,13.82101706,3.330208896
WA-S18-341-9,WA-S18-341-9,0,WA,johnny darter,invertivore,-28.96897735,13.74131678,3.40214692
WA-S18-630-12,WA-S18-630-12,0,WA,blacknose dace,invertivore,-28.48571956,13.33171792,3.984614058
WA-S18-630-26,WA-S18-630-26,0,WA,blacknose dace,invertivore,-27.31110724,13.12288304,3.317030326
WA-S18-630-27,WA-S18-630-27,0,WA,blacknose dace,invertivore,-27.74012182,11.60353357,3.364202429
WA-S18-ALGAE-1,WA-S18-ALGAE-1,0,WA,algae,algae,-26.46392674,11.80227981,12.13027079
WA-S18-ALGAE-2,WA-S18-ALGAE-2,0,WA,algae,algae,-25.82878793,11.68726929,12.93939878
WA-S18-ALGAE-3,WA-S18-ALGAE-3,0,WA,algae,algae,-25.99940752,11.47843441,12.10525393
WA-S18-AQU-1,WA-S18-AQU-1,0,WA,mayfly/caddisfly,aqbase,-28.89500932,10.73389264,4.169113938
WA-S18-AQU-2,WA-S18-AQU-2,0,WA,mayfly/caddisfly,aqbase,-28.65140794,10.91649705,4.148911383
WA-S18-DET-1,WA-S18-DET-1,0,WA,detritus,det,-24.62754712,5.054996113,25.4182891
WA-S18-DET-2,WA-S18-DET-2,0,WA,detritus,det,-24.14527557,5.324362851,22.35977649
WA-S18-DET-3,WA-S18-DET-3,0,WA,detritus,det,-24.57034518,4.824975077,22.86913767
WA-S18-GOL-1,WA-S18-GOL-1,0,WA,goldenrod,terpp,-33.5402016,-0.347471622,14.12951611
WA-S18-GOL-2,WA-S18-GOL-2,0,WA,goldenrod,terpp,-33.41297659,-0.414056659,14.40653333
WA-S18-GOL-3,WA-S18-GOL-3,0,WA,goldenrod,terpp,-33.39423802,-0.208248364,14.18424945
WA-S18-TER-1,WA-S18-TER-1,0,WA,snails/caterpillars,terbase,-26.03392593,2.182759765,4.609540076
WA-S18-TER-2,WA-S18-TER-2,0,WA,snails/caterpillars,terbase,-25.83667785,2.492481071,4.607666009
WA-S18-TER-3,WA-S18-TER-3,0,WA,snails/caterpillars,terbase,-25.86527882,2.379488282,4.647888324
WH-S18-163-10,WH-S18-163-10,0,WH,white sucker,detritivore,-26.42034402,12.37977946,3.298143424
WH-S18-163-3,WH-S18-163-3,0,WH,white sucker,detritivore,-25.77871116,14.1290285,3.222909011
WH-S18-163-5,WH-S18-163-5,0,WH,white sucker,detritivore,-26.41752906,12.15131955,3.217936061
WH-S18-211-1,WH-S18-211-1,0,WH,longnose dace,invertivore,-27.51466703,13.85023151,3.248236561
WH-S18-211-2,WH-S18-211-2,0,WH,longnose dace,invertivore,-27.71244078,12.96483737,3.488132145
WH-S18-212-11,WH-S18-212-11,0,WH,creek chub,cc,-25.04952494,9.703532671,3.22840091
WH-S18-212-2,WH-S18-212-2,0,WH,creek chub,cc,-24.86214723,9.68796341,3.243245659
WH-S18-212-21,WH-S18-212-21,0,WH,creek chub,cc,-25.32007605,9.493194115,3.257460329
WH-S18-212-22,WH-S18-212-22,0,WH,creek chub,cc,-25.04225381,9.773606931,3.256964161
WH-S18-212-24,WH-S18-212-24,0,WH,creek chub,cc,-25.37315379,10.32181306,3.234703606
WH-S18-212-25,WH-S18-212-25,0,WH,creek chub,cc,-25.24768225,10.26016679,3.240784246
WH-S18-212-26,WH-S18-212-26,0,WH,creek chub,cc,-24.88496347,10.06290949,3.28651967
WH-S18-212-27,WH-S18-212-27,0,WH,creek chub,cc,-24.66023552,11.01799711,3.268804403
WH-S18-212-5,WH-S18-212-5,0,WH,creek chub,cc,-25.51380744,11.96805265,3.398728795
WH-S18-212-6,WH-S18-212-6,0,WH,creek chub,cc,-25.72177936,11.99522585,3.598311693
WH-S18-341-4,WH-S18-341-4,0,WH,johnny darter,invertivore,-25.7671192,12.44106759,3.319789678
WH-S18-341-6,WH-S18-341-6,0,WH,johnny darter,invertivore,-25.80260256,12.7148124,3.315058868
WH-S18-341-7,WH-S18-341-7,0,WH,johnny darter,invertivore,-25.8597702,12.54674114,3.384943213
WH-S18-630-25,WH-S18-630-25,0,WH,blacknose dace,invertivore,-26.31218303,12.02743112,3.523037912
WH-S18-630-5,WH-S18-630-5,0,WH,blacknose dace,invertivore,-26.18109173,11.53730713,3.582782576
WH-S18-630-6,WH-S18-630-6,0,WH,blacknose dace,invertivore,-26.55859525,12.74299202,3.386794085
WH-S18-AQU-1,WH-S18-AQU-1,0,WH,caddisfly,aqbase,-27.9532884,9.670407736,4.747441581
WH-S18-AQU-2 A,WH-S18-AQU-2 A,1,WH,caddisfly,aqbase,-28.06072412,9.630151146,4.813488846
WH-S18-AQU-2 B,WH-S18-AQU-2 B,1,WH,caddisfly,aqbase,-27.9937,9.592913799,4.895813653
WH-S18-AQU-2 C,WH-S18-AQU-2 C,1,WH,caddisfly,aqbase,-28.17801634,9.56775343,4.806188689
WH-S18-AQU-2,WH-S18-AQU-2,0,WH,caddisfly,aqbase,-28.07748015,9.596939458,4.838497063
WH-S18-AQU-3,WH-S18-AQU-3,0,WH,caddisfly,aqbase,-28.07550886,9.586875311,4.700824081
WH-S18-DET-1,WH-S18-DET-1,0,WH,detritus,det,-26.39793448,2.079021158,15.01463553
WH-S18-DET-2,WH-S18-DET-2,0,WH,detritus,det,-26.41666181,1.838488029,15.19448507
WH-S18-DET-3,WH-S18-DET-3,0,WH,detritus,det,-26.33682425,1.819366149,13.99222984
WH-S18-TER-1-1,WH-S18-TER-1-1,0,WH,european garden snail,terbase,-27.09774518,2.198784515,4.202910659
WH-S18-TER-1-1,WH-S18-TER-1-2,0,WH,european garden snail,terbase,-27.09774518,2.198784515,4.202910659
WH-S18-TER-2-1,WH-S18-TER-2-1,0,WH,caterpillar,terbase,-32.10287014,3.294770195,4.762639674
WH-S18-TER-2-2,WH-S18-TER-2-2,0,WH,caterpillar,terbase,-32.37983747,3.256526434,4.792164387
WW-S18-198-1,WW-S18-198-1,0,WW,common shiner,invertivore,-25.231,13.388,3.34271063
WW-S18-212-1,WW-S18-212-1,0,WW,creek chub,cc,-25.331,8.908,3.376827749
WW-S18-212-2,WW-S18-212-2,0,WW,creek chub,cc,-25.449,10.633,3.37506229
WW-S18-212-3,WW-S18-212-3,0,WW,creek chub,cc,-25.741,9.414,3.350310328
WW-S18-630-1,WW-S18-630-1,0,WW,blacknose dace,invertivore,-26.921,10.471,3.699884618
WW-S18-630-2,WW-S18-630-2,0,WW,blacknose dace,invertivore,-26.093,9.662,3.506502185
WW-S18-630-4,WW-S18-630-4,0,WW,blacknose dace,invertivore,-26.772,10.603,4.030614057
WW-S18-ALG-1,WW-S18-ALG-1,0,WW,algae,algae,-20.198,5.59,13.60672806
WW-S18-ALG-2,WW-S18-ALG-2,0,WW,algae,algae,-20.292,5.509,13.4490193
WW-S18-CADDISFLY,WW-S18-CADDISFLY,0,WW,caddisfly,aqbase,-26.609,5.943,4.735323958
WW-S18-DET-1,WW-S18-DET-1,0,WW,detritus,det,-29.34,2.608,31.10659723
WW-S18-DET-2,WW-S18-DET-2,0,WW,detritus,det,-26.206,1.758,21.29606858
WW-S18-DET-3,WW-S18-DET-3,0,WW,detritus,det,-26.46,2.234,21.06978991
WW-S18-GOL-1,WW-S18-GOL-1,0,WW,goldenrod,terpp,-28.906,-0.182,22.40082535
WW-S18-GOL-2,WW-S18-GOL-2,0,WW,goldenrod,terpp,-28.943,-0.204,22.28473678
WW-S18-GOL-3,WW-S18-GOL-3,0,WW,goldenrod,terpp,-29.035,-0.147,21.99795195
WW-S18-212-MT-1,WW-S18-212-MT1,0,WW,creek chub,cc,-24.878,7.972,3.26600341
WW-S18-212-MT-14,WW-S18-212-MT14,0,WW,creek chub,cc,-24.588,8.737,3.352938083
WW-S18-212-MT-4,WW-S18-212-MT4,0,WW,creek chub,cc,-25.238,9.675,3.289460296
WW-S18-212-MT-5,WW-S18-212-MT5,0,WW,creek chub,cc,-25.949,8.858,3.603642649
WW-S18-212-MT-6,WW-S18-212-MT6,0,WW,creek chub,cc,-24.501,9.268,3.27860576
WW-S18-212-MT-7,WW-S18-212-MT7,0,WW,creek chub,cc,-25.401,9.879,3.380883863
WW-S18-212-MT-8 A,WW-S18-212-MT8 A,1,WW,creek chub,cc,-25.401,11.063,3.333311423
WW-S18-212-MT-8 B,WW-S18-212-MT8 B,1,WW,creek chub,cc,-25.308,9.989,3.290747755
WW-S18-212-MT-8 C,WW-S18-212-MT8 C,1,WW,creek chub,cc,-25.365,9.762,3.318322306
WW-S18-212-MT-8,WW-S18-212-MT8,0,WW,creek chub,cc,-25.358,10.27133333,3.314127161
WW-S18-SNAILS-1 A,WW-S18-SNAILS-1 A,1,WW,european garden snail,terbase,-26.528,-0.369,4.695603046
WW-S18-SNAILS-1 B,WW-S18-SNAILS-1 B,1,WW,european garden snail,terbase,-26.271,-0.405,4.660005649
WW-S18-SNAILS-1 C,WW-S18-SNAILS-1 C,1,WW,european garden snail,terbase,-25.806,-0.564,4.098214105
WW-S18-SNAILS-1,WW-S18-SNAILS-1,0,WW,european garden snail,terbase,-26.20166667,-0.446,4.4846076
WW-S18-SNAILS-2,WW-S18-SNAILS-2,0,WW,european garden snail,terbase,-26.473,-0.096,4.805116867
WW-S18-SNAILS-3,WW-S18-SNAILS-3,0,WW,european garden snail,terbase,-26.214,0.134,4.525960061
EP-S18-DET-2,EP-S18-DET-2,0,,detritus,det,-28.17,5.242,25.46706587
HC2-18-CC-43,HC2-18-CC-43,0,HC,creek chub,cc,-26.19073216,13.83764672,3.312925395
HC2-18-CC-44,HC2-18-CC-44,0,HC,creek chub,cc,-26.77831929,13.20457407,3.283930422
HC2-18-CC-49,HC2-18-CC-49,0,HC,creek chub,cc,-26.82071232,12.89798748,3.36817991
HC2-18-CC-13,HC2-18-CC-13,0,HC,creek chub,cc,-26.0103153,12.15934651,3.274826026
HC2-18-CC-18,HC2-18-CC-18,0,HC,creek chub,cc,-26.02608945,13.37152717,3.356543179
HC2-18-CC-19,HC2-18-CC-19,0,HC,creek chub,cc,-25.94327516,12.11684936,3.374896905
HC2-18-CC-20,HC2-18-CC-20,0,HC,creek chub,cc,-26.01820238,11.50266433,3.187580428
HC2-18-CC-35,HC2-18-CC-35,0,HC,creek chub,cc,-26.4983281,13.48485291,3.256023116
HC2-18-CC-41,HC2-18-CC-41,0,HC,creek chub,cc,-26.57719886,12.84739563,3.278974525
HC2-18-BND-26,HC2-18-BND-26,0,HC,blacknose dace,invertivore,-28.81811421,15.37395248,3.880652874
HC2-18-SC-1,HC2-18-SC-1,0,HC,goldenrod,terpp,-29.4333061,-3.538291865,26.34328531
HC2-18-SC-2,HC2-18-SC-2,0,HC,goldenrod,terpp,-29.53879574,-3.445202866,26.23554
HC2-18-SC-3,HC2-18-SC-3,0,HC,goldenrod,terpp,-29.34161885,-3.657688625,26.2903789
HC2-18-CATA-1,HC2-18-CATA-1,0,HC,caterpillar,terbase,-28.000816,1.113459852,4.145718095
HC2-18-CATA-2,HC2-18-CATA-2,0,HC,caterpillar,terbase,-28.36756502,1.010927042,4.484889944
HC2-18-CATA-3,HC2-18-CATA-3,0,HC,caterpillar,terbase,-28.20785174,0.993725814,4.176454153
HC2-18-DET-1,HC2-18-DET-1,0,HC,detritus,det,-27.62223637,1.026104596,28.0265078
HC2-18-DET-2,HC2-18-DET-2,0,HC,detritus,det,-27.38069468,0.830820066,27.90362841
HC2-18-DET-3,HC2-18-DET-3,0,HC,detritus,det,-27.41914418,2.610641253,22.80482866
HC2-18-AL-1,HC2-18-AL-1,0,HC,algae,algae,-23.84334129,9.655050068,15.80021109
HC2-18-AL-2,HC2-18-AL-2,0,HC,algae,algae,-21.7443933,10.26619958,16.08824864
HC2-18-AL-3,HC2-18-AL-3,0,HC,algae,algae,-24.76415736,9.226031203,15.80002377
HC2-18-TR-1,HC2-18-TR-1,0,HC,caddisfly,aqbase,-29.33176001,12.13101507,4.725721145
HC2-18-TR-2,HC2-18-TR-2,0,HC,caddisfly,aqbase,-29.13852665,12.1947608,4.541944159
EP42-18-CC-1,EP42-18-CC-1,0,EP4,creek chub,cc,-26.2554611,9.062999004,3.463419512
EP42-18-CC-3,EP42-18-CC-3,0,EP4,creek chub,cc,-25.36288703,9.869193158,3.474190596
EP42-18-CC-7,EP42-18-CC-7,0,EP4,creek chub,cc,-26.55429791,10.78328703,3.321754952
EP42-18-CC-8,EP42-18-CC-8,0,EP4,creek chub,cc,-26.12556057,8.455299623,3.325511492
EP42-18-CC-9,EP42-18-CC-9,0,EP4,creek chub,cc,-27.9894363,8.266984069,3.615564707
EP42-18-CC-10,EP42-18-CC-10,0,EP4,creek chub,cc,-29.74014112,8.306683024,3.440713014
EP42-18-CC-11,EP42-18-CC-11,0,EP4,creek chub,cc,-29.27171195,7.402768366,3.363552505
EP42-18-CC-12,EP42-18-CC-12,0,EP4,creek chub,cc,-29.3012348,8.363686651,3.576530406
EP42-18-SNAILS-2,EP42-18-SNAILS-2,0,EP4,european garden snail,terbase,-26.62548078,0.815795676,4.560489638
EP42-18-CC-13,EP42-18-CC-13,0,EP4,creek chub,cc,-27.60662339,8.817679823,3.299640226
EP42-18-BND-10,EP42-18-BND-10,0,EP4,blacknose dace,invertivore,-26.99353227,9.648304103,3.497826462
EP42-18-BS-5,EP42-18-BS-5,0,EP4,brook stickleback,planktivore,-30.71144278,8.130582533,3.84203068
EP42-18-SC-1,EP42-18-SC-1,0,EP4,goldenrod,terpp,-28.1636211,0.971537728,18.35799704
EP42-18-SC-2,EP42-18-SC-2,0,EP4,goldenrod,terpp,-27.98549992,0.948125524,18.21526911
EP42-18-SC-3,EP42-18-SC-3,0,EP4,goldenrod,terpp,-28.1646052,0.831064504,18.98250796
EP42-18-SNAILS-1 ,EP42-18-SNAILS-1,0,EP4,european garden snail,terbase,-26.45228008,0.623408434,4.487489335
EP42-18-SNAILS-3,EP42-18-SNAILS-3,0,EP4,european garden snail,terbase,-26.31942727,0.756756205,4.473032119
EP42-18-ALGAE-1,EP42-18-AL-1,0,EP4,algae,algae,-27.58005283,1.699351895,9.836181052
EP42-18-AL-2,EP42-18-AL-2,0,EP4,algae,algae,-31.22514032,9.443701799,10.06536865
EP42-18-AL-3,EP42-18-AL-3,0,EP4,algae,algae,-30.80099542,9.206525994,10.11937776
EP42-18-DET-1,EP42-18-DET-1,0,EP4,detritus,det,-27.84575845,0.14702098,23.69569488
EP42-18-DT-2,EP42-18-DT-2,0,EP4,detritus,det,-27.79064914,0.244741483,22.85378779
EP42-18-DT-3,EP42-18-DT-3,0,EP4,detritus,det,-27.66763727,0.655981935,23.1804188
AT2-18 CC-01,AT2-18-CC-01,0,AT,creek chub,cc,-26.24640271,13.31481866,3.478432338
AT2-18 CC-02,AT2-18-CC-02,0,AT,creek chub,cc,-26.35909515,13.04717838,3.447321814
AT2-18 CC-32,AT2-18-CC-32,0,AT,creek chub,cc,-26.27812844,13.89693628,3.713497189
AT2-18 CC-33,AT2-18-CC-33,0,AT,creek chub,cc,-26.36933992,10.52065411,3.758417566
AT2-18 CC-34,AT2-18-CC-34,0,AT,creek chub,cc,-25.64063949,12.13552867,3.572355725
AT2-18 CC-35,AT2-18-CC-35,0,AT,creek chub,cc,-25.57817945,12.44364954,3.492804106
AT2-18 CC-36,AT2-18-CC-36,0,AT,creek chub,cc,-26.80656018,12.3603465,3.783187936
AT2-18 CC-38,AT2-18-CC-38,0,AT,creek chub,cc,-26.14031978,11.46709706,3.711995746
AT2-18 CC-39,AT2-18-CC-39,0,AT,creek chub,cc,-28.92127859,9.682605473,3.687721025
AT2-18 BS-01,AT2-18-BS-01,0,AT,brook stickleback,planktivore,-26.42684281,13.26363246,3.462335585
AT2-18 WS-33,AT2-18-WS-33,0,AT,white sucker,detritivore,-26.35942563,14.89255813,3.468564595
AT2-18 DT01,AT2-18-DT-01,0,AT,detritus,det,-27.70479501,6.661615779,23.73921203
AT2-18 DT02,AT2-18-DT-02,0,AT,detritus,det,-27.68595785,7.246744347,21.24652722
AT2-18 DT03,AT2-18-DT-03,0,AT,detritus,det,-27.87036368,5.810519679,21.64350462
AT2-18 GH-03,AT2-18-GH-03,0,AT,grasshopper,terbase,-27.8756513,3.601149143,4.712720184
AT2-18 AL-01,AT2-18-AL-01,0,AT,algae,algae,-23.66075545,10.24063546,6.084682975
AT2-18 AL-02,AT2-18-AL-02,0,AT,algae,algae,-23.47833248,10.53771618,6.014893176
AT2-18 AL-03,AT2-18-AL-03,0,AT,algae,algae,-23.57945825,10.19246021,5.889183659
AT2-18 SC-01,AT2-18-SC-01,0,AT,goldenrod,terpp,-28.13408383,4.003947769,27.40956754
AT2-18 SC-02,AT2-18-SC-02,0,AT,goldenrod,terpp,-28.19951816,3.941721403,27.55928061
AT2-18 SC-03,AT2-18-SC-03,0,AT,goldenrod,terpp,-28.08847809,3.848381855,27.87631174
AT2-18 GH-01,AT2-18-GH-01,0,AT,grasshopper,terbase,-27.92290942,5.200299834,4.51567805
AT2-18 GH-02,AT2-18-GH-02,0,AT,grasshopper,terbase,-27.32904335,4.342178177,4.39749007
AT2-18 SN-01,AT2-18-SN-01,0,AT,aquatic snail,terbase,-28.09046095,10.06399288,4.987015862
AT2-18 SN-02,AT2-18-SN-02,0,AT,aquatic snail,terbase,-27.01376888,10.43233282,5.270377086
AT2-18 SN-03,AT2-18-SN-03,0,AT,aquatic snail,terbase,-27.81583507,10.36508819,4.907534007
