sitecode,sitename,pass,species,number,sampleid,forkmm,totalmm,weight,kept,sex,stomach,stomachsource,notes,X,X.1
AC,Archie Coulter,1,creek chub,1,AC-S18-212-1,47,49,1.5,Y,M,detritus,aquatic,EC,,
AC,Archie Coulter,2,creek chub,2,AC-S18-212-2,60,65,2.9,Y,M,algae/choron/insects/detritus,aquatic,EC,,
AC,Archie Coulter,2,creek chub,3,AC-S18-212-3,50,54,1.7,Y,F,detritus/insects,unkown,,,
AC,Archie Coulter,2,creek chub,4,AC-S18-212-4,45,48,1.3,Y,I,algae/detritus,aquatic,EC,,
AC,Archie Coulter,2,creek chub,5,AC-S18-212-5,50,55,2,Y,F,algae/detritus,aquatic,EC,,
AC,Archie Coulter,MT2,creek chub,,AC-S18-212-MT1,,NA,NA,Y,,,,Pria #6,,
BW,Backus Woods,spot check,creek chub,1,BW-S18-212-1,132,142,2.8,Y,,,,,,
BW,Backus Woods,MT3,creek chub,2,BW-S18-212-MT1,120,128,24,Y,F,,,,,
SC,Caughell,1,creek chub,1,SC-S18-212-1,64,68,3.5,Y,M,empty,unknown,Pria 1,,
SC,Caughell,1,creek chub,2,SC-S18-212-2,61,65,3,Y,I,insects algae,aquatic,Pria 2,,
SC,Caughell,1,creek chub,3,SC-S18-212-3,80,85,6.5,Y,M,pink bug/insects,unknown,Pria 3,,
SC,Caughell,1,creek chub,4,SC-S18-212-4,62,65,3,Y,I,algae,aquatic,Pria 4,,
SC,Caughell,1,creek chub,5,SC-S18-212-5,54,57,2,Y,M,algae,aquatic,Pria 5,,
SC,Caughell,1,creek chub,6,SC-S18-212-6,56,61,2.5,Y,I,worms,unkown,Pria 6,,
SC,Caughell,1,creek chub,7,SC-S18-212-7,64,68,3,Y,F,detritus/insects,unknown,Pria 7,,
SC,Caughell,2,creek chub,8,SC-S18-212-8,58,61,2.5,Y,F,tiny fish,aquatic,Pria 8,,
SC,Caughell,2,creek chub,9,SC-S18-212-9,64,68,3,Y,I,empty,none,Pria 9,,
SC,Caughell,2,creek chub,10,SC-S18-212-10,55,57,2,Y,F,"detritus, insects",unknown,Pria 10 (black parasites),,
SC,Caughell,2,creek chub,11,SC-S18-212-11,85,90,7.5,Y,F,fish/detritus,aquatic,Pria 11 (black pepper parasites),,
SC,Caughell,2,creek chub,12,SC-S18-212-12,48,51,1.5,Y,M,hard insect or cray,unknown,Pria 12 (black pepper parasites),,
SC,Caughell,2,creek chub,13,SC-S18-212-13,40,41,1,Y,I,detritus,aquatic,Pria 13,,
SC,Caughell,2,creek chub,14,SC-S18-212-14,60,65,2.5,Y,F,"detritus, insects",unknown,Pria 14,,
SC,Caughell,2,creek chub,15,SC-S18-212-15,108,115,18,Y,M,"decomposed fish, algae",aquatic,Pria 15,,
SC,Caughell,2,creek chub,16,SC-S18-212-16,54,57,2,Y,I,"detritus, insects",unknown,Pria 16,,
SC,Caughell,2,creek chub,17,SC-S18-212-17,92,97,9,Y,M,"detritus, insects",unknown,Pria 17,,
SC,Caughell,2,creek chub,18,SC-S18-212-18,50,33,1.5,Y,,,,,,
SC,Caughell,MT,creek chub,1,SC-S18-212-MT1,54,57,2.1,N,,,,,,
SC,Caughell,MT,creek chub,2,SC-S18-212-MT2,54,57,2.4,N,,,,,,
SC,Caughell,MT,creek chub,3,SC-S18-212-MT3,59,63,2.5,Y,I,milkbone/detritus,aquatic,Pria 19,,
SC,Caughell,MT,creek chub,4,SC-S18-212-MT4,60,64,3,Y,I,milkbone/detritus,aquatic,Pria 20,,
JC,Csoff,1,creek chub,1,JC-S18-212-1,88,94,7.5,Y,M,,none,,,
JC,Csoff,1,creek chub,2,JC-S18-212-2,104,108,13,Y,M,"Slug, algae",both,,,
JC,Csoff,3,creek chub,3,JC-S18-212-3,151,156,37.5,Y,M,Flies and plants,terrestrial,,,
JC,Csoff,3,creek chub,4,JC-S18-212-4,145,154,33.5,Y,M,,none,,,
JC,Csoff,3,creek chub,5,JC-S18-212-5,121,130,22.5,Y,M,Insects,unknown,,,
JC,Csoff,3,creek chub,6,JC-S18-212-6,113,119,18,Y,M,Insects,unknown,,,
JC,Csoff,3,creek chub,7,JC-S18-212-7,115,121,16.5,Y,I,detritus,aquatic,,,
DE,Dedrick's ,1,creek chub,1,DE-S18-212-1,60,65,1.5,Y,F,empty,unknown,,,
DE,Dedrick's ,1,creek chub,2,DE-S18-212-2,63,67,2.5,Y,M,insects,unknown,,,
DE,Dedrick's ,1,creek chub,3,DE-S18-212-3,74,79,4.5,Y,M,detritus/insects,unknown,,,
DE,Dedrick's ,1,creek chub,4,DE-S18-212-4,82,88,6.5,Y,,,,,,
DE,Dedrick's ,1,creek chub,5,DE-S18-212-5,90,97,8,Y,F,"fish, algae",aquatic,,,
DE,Dedrick's ,2,creek chub,6,DE-S18-212-6,135,142,26,Y,M,"algae, black sticks",aquatic,,,
DE,Dedrick's ,2,creek chub,7,DE-S18-212-7,139,146,29,Y,F,white goo/detritus,unknown,,,
DE,Dedrick's ,2,creek chub,8,DE-S18-212-8,40,43,0.5,N,,,,,,
DE,Dedrick's ,2,creek chub,9,DE-S18-212-9,41,43,0.5,N,,,,,,
DE,Dedrick's ,2,creek chub,10,DE-S18-212-10,37,39,0.5,N,,,,,,
DE,Dedrick's ,2,creek chub,11,DE-S18-212-11,106,109,12,Y,F,"algae, detritus",aquatic,P8,,
DE,Dedrick's ,2,creek chub,12,DE-S18-212-12,105,110,13.5,Y,F,"white goo, detritus",unknown,P9,,
DE,Dedrick's ,2,creek chub,13,DE-S18-212-13,110,115,14.5,Y,F,"detritus, insects",unknown,P10,,
DE,Dedrick's ,2,creek chub,14,DE-S18-212-14,85,89,7,Y,M,empty,unknown,P11,,
DE,Dedrick's ,spot check,creek chub,15,DE-S18-212-15,110,115,13.5,Y,,,,,,
HC,Hawkclif,MT1,creek chub,MT-1,HC-S18-212-MT1,52,55,2,N,,,,,,
HC,Hawkclif,MT3,creek chub,MT-2,HC-S18-212-MT2,59,65,3,N,,,,,,
HC,Hawkclif,MT3,creek chub,MT-3,HC-S18-212-MT3,54,58,1.5,N,,,,,,
HC,Hawkclif,MT3,creek chub,MT-4,HC-S18-212-MT4,56,60,2,N,,,,,,
HC,Hawkclif,MT3,creek chub,MT-5,HC-S18-212-MT5,63,66,3,N,,,,,,
HC,Hawkclif,1,creek chub,1,HC-S18-212-1,53,57,1.5,N,,,,,,
HC,Hawkclif,1,creek chub,2,HC-S18-212-2,36,39,0.5,N,,,,,,
HC,Hawkclif,1,creek chub,3,HC-S18-212-3,,35,0.5,N,,,,,,
HC,Hawkclif,1,creek chub,4,HC-S18-212-4,32,34,0.5,N,,,,,,
HC,Hawkclif,1,creek chub,5,HC-S18-212-5,60,64,2,N,,,,,,
HC,Hawkclif,1,creek chub,6,HC-S18-212-6,105,112,14.5,Y,M,"worms, insects",unknown,P1,,
HC,Hawkclif,1,creek chub,7,HC-S18-212-7,34,36,0.5,N,,,,,,
HC,Hawkclif,1,creek chub,8,HC-S18-212-8,37,40,0.5,N,,,,,,
HC,Hawkclif,1,creek chub,9,HC-S18-212-9,38,40,0.5,N,,,,,,
HC,Hawkclif,1,creek chub,10,HC-S18-212-10,35,37,0.5,N,,,,,,
HC,Hawkclif,1,creek chub,11,HC-S18-212-11,31,33,0.5,N,,,,,,
HC,Hawkclif,1,creek chub,12,HC-S18-212-12,,48,1,N,,,,,,
HC,Hawkclif,1,creek chub,13,HC-S18-212-13,129,137,23,Y,M,"algae, insects",aquatic,P2,,
HC,Hawkclif,1,creek chub,14,HC-S18-212-14,33,35,0.3,N,,,,,,
HC,Hawkclif,1,creek chub,15,HC-S18-212-15,32,35,0.3,N,,,,,,
HC,Hawkclif,1,creek chub,16,HC-S18-212-16,34,36,0.5,N,,,,,,
HC,Hawkclif,1,creek chub,17,HC-S18-212-17,144,152,30.5,Y,F,"worms, insects",unknown,P3,,
HC,Hawkclif,1,creek chub,18,HC-S18-212-18,100,107,11.5,Y,F,"worms, insects",unknown,P4,,
HC,Hawkclif,1,creek chub,19,HC-S18-212-19,105,111,13.5,Y,M,insects,unknown,P5,,
HC,Hawkclif,1,creek chub,20,HC-S18-212-20,113,120,15.5,Y,M,"algae, insects",aquatic,P6,,
HC,Hawkclif,1,creek chub,22,HC-S18-212-22,85,90,7,Y,I,"worms, insects",unknown,P7,,
HC,Hawkclif,1,creek chub,27,HC-S18-212-27,90,95,8,Y,I,"worms, insects",unknown,P8,,
HC,Hawkclif,2,creek chub,21,HC-S18-212-21,70,74,4.5,N,,,,,,
HC,Hawkclif,2,creek chub,23,HC-S18-212-23,55,60,2,N,,,,,,
HC,Hawkclif,2,creek chub,24,HC-S18-212-24,125,133,22.5,N,,,,,,
HC,Hawkclif,2,creek chub,25,HC-S18-212-25,74,78,5.5,N,,,,,,
HC,Hawkclif,2,creek chub,26,HC-S18-212-26,105,111,15.5,N,,,,,,
HC,Hawkclif,2,creek chub,28,HC-S18-212-28,69,73,3.5,N,,,,,,
HC,Hawkclif,2,creek chub,29,HC-S18-212-29,79,84,6.5,N,,,,,,
HC,Hawkclif,2,creek chub,30,HC-S18-212-30,66,70,3.5,N,,,,,,
HC,Hawkclif,2,creek chub,31,HC-S18-212-31,60,64,2.5,N,,,,,,
HC,Hawkclif,2,creek chub,32,HC-S18-212-32,52,55,1.5,N,,,,,,
HC,Hawkclif,2,creek chub,33,HC-S18-212-33,58,61,2,N,,,,,,
HC,Hawkclif,2,creek chub,34,HC-S18-212-34,58,61,2.5,N,,,,,,
HC,Hawkclif,1,creek chub,35,HC-S18-212-35,85,92,7.5,Y,I,insects,unknown,P9,,
HC,Hawkclif,2,creek chub,36,HC-S18-212-36,37,40,0.5,N,,,,,,
HC,Hawkclif,2,creek chub,37,HC-S18-212-37,40,42,1,N,,,,,,
HC,Hawkclif,2,creek chub,38,HC-S18-212-38,56,60,2,N,,,,,,
HC,Hawkclif,2,creek chub,39,HC-S18-212-39,39,41,0.5,N,,,,,,
HC,Hawkclif,1,creek chub,40,HC-S18-212-40,83,88,6,Y,M,"insects, parasites",unknown,P10,,
HC,Hawkclif,1,creek chub,41,HC-S18-212-41,98,105,11,Y,I,"worms, insects",unknown,P11,,
HC,Hawkclif,2,creek chub,42,HC-S18-212-42,40,44,1,N,,,,,,
HC,Hawkclif,1,creek chub,43,HC-S18-212-43,78,84,5.5,Y,I,insects,unknown,P12,,
HC,Hawkclif,1,creek chub,44,HC-S18-212-44,85,91,7,Y,M,"algae, insects",aquatic,P13,,
HC,Hawkclif,3,creek chub,45,HC-S18-212-45,80,85,6,N,,,,,,
HC,Hawkclif,3,creek chub,46,HC-S18-212-46,125,132,23,N,,,,,,
HC,Hawkclif,3,creek chub,47,HC-S18-212-47,101,111,13,N,,,,,,
HC,Hawkclif,3,creek chub,48,HC-S18-212-48,92,95,9,N,,,,,,
HC,Hawkclif,1,creek chub,49,HC-S18-212-49,75,80,5,Y,M,"algae, insects",aquatic,P14,,
HC,Hawkclif,3,creek chub,50,HC-S18-212-50,102,109,11.5,N,,,,,,
HC,Hawkclif,3,creek chub,51,HC-S18-212-51,82,86,6,N,,,,,,
HC,Hawkclif,3,creek chub,52,HC-S18-212-52,85,90,8.5,N,,,,,,
HC,Hawkclif,3,creek chub,53,HC-S18-212-53,85,91,9.5,N,,,,,,
HC,Hawkclif,3,creek chub,54,HC-S18-212-54,56,60,2,N,,,,,,
HC,Hawkclif,3,creek chub,55,HC-S18-212-55,83,88,7,N,,,,,,
HC,Hawkclif,3,creek chub,56,HC-S18-212-56,68,72,2.5,N,,,,,,
HC,Hawkclif,3,creek chub,57,HC-S18-212-57,92,98,10,N,,,,,,
HC,Hawkclif,3,creek chub,58,HC-S18-212-58,60,65,3,N,,,,,,
HC,Hawkclif,1,creek chub,59,HC-S18-212-59,72,76,4,Y,I,"insects, parasites, goo",unknown,P15,,
HC,Hawkclif,1,creek chub,60,HC-S18-212-60,63,67,3,Y,I,"insects, parasites",unknown,P16,,
HC,Hawkclif,1,creek chub,61,HC-S18-212-61,60,63,2.5,Y,I,"empty, parasites",unknown,P17,,
HC,Hawkclif,2,creek chub,62,HC-S18-212-62,87,92,7.5,Y,I,"insects, parasites",unknown,P18,,
HC,Hawkclif,2,creek chub,63,HC-S18-212-63,98,105,11,Y,I,"insects, parasites, goo",unknown,P19,,
HC,Hawkclif,2,creek chub,64,HC-S18-212-64,135,144,30,Y,M,"insects, parasites, goo",unknown,P20,,
HT,Hawkins,MT1,creek chub,1,HT-S18-212-MT-1,124,127,22,Y,M,detritus,aquatic,,,
HT,Hawkins,MT1,creek chub,2,HT-S18-212-MT-2,118,125,21.5,Y,M,detritus,aquatic,,,
HT,Hawkins,MT4,creek chub,3,HT-S18-212-MT-3,103,109,15.5,Y,M,chronomids,aquatic,,,
HT,Hawkins,MT4,creek chub,4,HT-S18-212-MT-4,94,100,11.5,Y,F,detritus/insects,aquatic,,,
HT,Hawkins,MT4,creek chub,5,HT-S18-212-MT-5,119,128,24,Y,M,insects/seed,unknown,,,
HT,Hawkins,MT4,creek chub,6,HT-S18-212-MT-6,101,107,13.5,Y,M,insects,unknown,,,
HT,Hawkins,MT4,creek chub,7,HT-S18-212-MT-7,79,85,7,Y,M,insects,unknown,,,
KC,Kettle Creek,1,creek chub,1,KC-S18-212-1,43,45,1,Y,I,"detritus, eggs",both,,,
KC,Kettle Creek,1,creek chub,2,KC-S18-212-2,53,56,2,Y,I,insects,unknown,,,
KC,Kettle Creek,1,creek chub,3,KC-S18-212-3,214,226,124,Y,M,"johnny darters, fish",aquatic,,,
KC,Kettle Creek,1,creek chub,4,KC-S18-212-4,75,81,5.5,Y,I,insects,unknown,,,
KC,Kettle Creek,1,creek chub,5,KC-S18-212-5,41,44,1,Y,I,empty,unknown,,,
KC,Kettle Creek,1,creek chub,6,KC-S18-212-6,58,61,2.5,Y,M,insects,unknown,,,
KC,Kettle Creek,1,creek chub,7,KC-S18-212-7,32,34,0.5,N,,,,,,
KC,Kettle Creek,1,creek chub,8,KC-S18-212-8,78,84,5.5,Y,F,"detritus, insects",terrestrial,,,
KC,Kettle Creek,1,creek chub,9,KC-S18-212-9,72,77,5,Y,F,insects,unknown,,,
KC,Kettle Creek,1,creek chub,10,KC-S18-212-10,43,46,1.5,Y,I,insects,unknown,,,
KC,Kettle Creek,1,creek chub,11,KC-S18-212-11,47,50,1.5,Y,F,"algae, insects",aquatic,,,
KC,Kettle Creek,1,creek chub,12,KC-S18-212-12,93,99,11,Y,M,caterpillar,terrestrial,,,
KC,Kettle Creek,1,creek chub,13,KC-S18-212-13,75,82,5.5,Y,F,algae,aquatic,,,
KC,Kettle Creek,1,creek chub,14,KC-S18-212-14,68,74,4.5,Y,F,"detritus, insects",terrestrial,,,
KC,Kettle Creek,2,creek chub,15,KC-S18-212-15,29,31,0.3,N,,,,,,
KC,Kettle Creek,2,creek chub,16,KC-S18-212-16,149,156,39.5,Y,F,detritus,terrestrial,,,
KC,Kettle Creek,2,creek chub,17,KC-S18-212-17,,32,0.3,N,,,,,,
KC,Kettle Creek,2,creek chub,18,KC-S18-212-18,,32,0.3,N,,,,,,
KC,Kettle Creek,2,creek chub,19,KC-S18-212-19,NA,37,0.5,N,,,,,,
KC,Kettle Creek,2,creek chub,20,KC-S18-212-20,38,40,1,N,,,,,,
KC,Kettle Creek,2,creek chub,21,KC-S18-212-21,41,43,1,N,,,,,,
KC,Kettle Creek,2,creek chub,22,KC-S18-212-22,165,173,53,Y,F,crayfish,aquatic,,,
KC,Kettle Creek,2,creek chub,23,KC-S18-212-23,80,85,6.5,Y,F,"algae, insects",aquatic,,,
KC,Kettle Creek,2,creek chub,24,KC-S18-212-24,55,59,2,Y,I,detritus,terrestrial,,,
KC,Kettle Creek,2,creek chub,25,KC-S18-212-25,50,53,1.5,Y,I,detritus,terrestrial,,,
KC,Kettle Creek,3,creek chub,26,KC-S18-212-26,69,72,4,Y,I,"caterpillar, detritus",terrestrial,,,
KC,Kettle Creek,3,creek chub,27,KC-S18-212-27,118,123,18.5,Y,F,"algae, insects",aquatic,,,
KC,Kettle Creek,2,creek chub,28,KC-S18-212-28,39,41,1,N,,,,,,
KC,Kettle Creek,2,creek chub,29,KC-S18-212-29,46,48,1.5,N,,,,,,
KC,Kettle Creek,2,creek chub,30,KC-S18-212-30,45,48,1.5,N,,,,,,
KC,Kettle Creek,2,creek chub,31,KC-S18-212-31,37,40,1,N,,,,,,
KC,Kettle Creek,2,creek chub,32,KC-S18-212-32,38,41,1,N,,,,,,
KC,Kettle Creek,2,creek chub,33,KC-S18-212-33,40,42,1,N,,,,,,
KC,Kettle Creek,2,creek chub,34,KC-S18-212-34,43,46,1,N,,,,,,
KC,Kettle Creek,2,creek chub,35,KC-S18-212-35,NA,35,0.5,N,,,,,,
KC,Kettle Creek,3,creek chub,36,KC-S18-212-36,49,51,1.5,N,,,,,,
KC,Kettle Creek,3,creek chub,37,KC-S18-212-37,41,44,1,N,,,,,,
KC,Kettle Creek,3,creek chub,38,KC-S18-212-38,37,40,1,N,,,,,,
KC,Kettle Creek,3,creek chub,39,KC-S18-212-39,42,45,1,N,,,,,,
KC,Kettle Creek,3,creek chub,40,KC-S18-212-40,35,37,0.5,N,,,,,,
KC,Kettle Creek,3,creek chub,41,KC-S18-212-41,NA,33,0.5,N,,,,,,
KC,Kettle Creek,3,creek chub,42,KC-S18-212-42,34,36,1,N,,,,,,
KC,Kettle Creek,3,creek chub,43,KC-S18-212-43,40,42,1,N,,,,,,
KC,Kettle Creek,3,creek chub,44,KC-S18-212-44,42,45,1,N,,,,,,
KC,Kettle Creek,3,creek chub,45,KC-S18-212-45,NA,31,0.3,N,,,,,,
KC,Kettle Creek,3,creek chub,46,KC-S18-212-46,32,34,0.5,N,,,,,,
ST,Lake Erie Salmon and Trout Club,1,creek chub,1,LEST-S18-212-1,35,37,0.5,N,,,,,,
ST,Lake Erie Salmon and Trout Club,1,creek chub,2,LEST-S18-212-2,30,32,0.5,N,,,,,,
ST,Lake Erie Salmon and Trout Club,1,creek chub,3,LEST-S18-212-3,27,28,0.3,N,,,,,,
ST,Lake Erie Salmon and Trout Club,1,creek chub,4,LEST-S18-212-4,30,32,0.5,N,,,,,,
ST,Lake Erie Salmon and Trout Club,1,creek chub,5,LEST-S18-212-5,33,35,0.3,N,,,,,,
ST,Lake Erie Salmon and Trout Club,1,creek chub,6,LEST-S18-212-6,42,45,0.3,N,,,,,,
ST,Lake Erie Salmon and Trout Club,1,creek chub,7,LEST-S18-212-7,38,40,0.5,N,,,,,,
ST,Lake Erie Salmon and Trout Club,1,creek chub,8,LEST-S18-212-8,28,30,0.3,N,,,,,,
ST,Lake Erie Salmon and Trout Club,1,creek chub,9,LEST-S18-212-9,32,34,0.5,N,,,,,,
ST,Lake Erie Salmon and Trout Club,1,creek chub,10,LEST-S18-212-10,28,30,0.3,N,,,,,,
ST,Lake Erie Salmon and Trout Club,1,creek chub,11,LEST-S18-212-11,33,35,0.5,N,,,,,,
ST,Lake Erie Salmon and Trout Club,1,creek chub,12,LEST-S18-212-12,61,66,3,Y,I,detritus,aquatic,P1,,
ST,Lake Erie Salmon and Trout Club,1,creek chub,13,LEST-S18-212-13,49,52,1.5,Y,I,detritus,aquatic,P2,,
ST,Lake Erie Salmon and Trout Club,1,creek chub,14,LEST-S18-212-14,59,64,2.5,Y,M,empty,none,P3,,
ST,Lake Erie Salmon and Trout Club,1,creek chub,15,LEST-S18-212-15,50,54,1.5,Y,I,"detritus, insects",unknown,P4,,
ST,Lake Erie Salmon and Trout Club,2,creek chub,16,LEST-S18-212-16,31,33,0.5,N,,,,,,
ST,Lake Erie Salmon and Trout Club,2,creek chub,17,LEST-S18-212-17,54,57,2.5,Y,I,worms,terrestrial,P5,,
ST,Lake Erie Salmon and Trout Club,3,creek chub,18,LEST-S18-212-18,39,42,1.5,N,,,,,,
ST,Lake Erie Salmon and Trout Club,3,creek chub,19,LEST-S18-212-19,27,29,0.3,N,,,,,,
ST,Lake Erie Salmon and Trout Club,spot check,creek chub,20,LEST-S18-212-20,31,33,0.3,N,,,,,,
ST,Lake Erie Salmon and Trout Club,spot check,creek chub,21,LEST-S18-212-21,30,32,0.3,N,,,,,,
ST,Lake Erie Salmon and Trout Club,spot check,creek chub,22,LEST-S18-212-22,39,41,0.5,N,,,,,,
ST,Lake Erie Salmon and Trout Club,spot check,creek chub,23,LEST-S18-212-23,57,61,2,Y,I,detritus,aquatic,P6,,
ST,Lake Erie Salmon and Trout Club,spot check,creek chub,24,LEST-S18-212-24,38,40,1,Y,U,detritus,aquatic,P7,,
ST,Lake Erie Salmon and Trout Club,spot check,creek chub,25,LEST-S18-212-25,47,49,1,Y,I,algae,aquatic,P8,,
ST,Lake Erie Salmon and Trout Club,MT3,creek chub,MT1,LEST-S18-212-MT1,143,149,34,N,,,,tumor on dorsal fin,,
ST,Lake Erie Salmon and Trout Club,MT3,creek chub,MT2,LEST-S18-212-MT2,110,116,15.5,N,,,,tumor on dorsal fin,,
ST,Lake Erie Salmon and Trout Club,MT3,creek chub,MT3,LEST-S18-212-MT3,113,119,15.5,N,,,,no parasites,,
ST,Lake Erie Salmon and Trout Club,MT3,creek chub,MT4,LEST-S18-212-MT4,120,127,19,N,,,,,,
ST,Lake Erie Salmon and Trout Club,MT3,creek chub,MT5,LEST-S18-212-MT5,54,59,2,N,,,,,,
ST,Lake Erie Salmon and Trout Club,MT3,creek chub,MT6,LEST-S18-212-MT6,150,157,39.5,Y,M,milkbone,none,P9,,
ST,Lake Erie Salmon and Trout Club,MT3,creek chub,MT7,LEST-S18-212-MT7,147,153,36,Y,F,milkbone,none,P10,,
ST,Lake Erie Salmon and Trout Club,MT3,creek chub,MT8,LEST-S18-212-MT8,130,134,27.5,Y,M,milkbone,none,P11,,
ST,Lake Erie Salmon and Trout Club,MT3,creek chub,MT9,LEST-S18-212-MT9,133,137,26.5,Y,M,milkbone,none,P12,,
ST,Lake Erie Salmon and Trout Club,MT3,creek chub,MT10,LEST-S18-212-MT10,122,126,23.5,Y,M,"milkbone, detritus",aquatic,P13,,
ST,Lake Erie Salmon and Trout Club,MT3,creek chub,MT11,LEST-S18-212-MT11,120,124,22,Y,M,milkbone,none,P14,,
ST,Lake Erie Salmon and Trout Club,MT3,creek chub,MT12,LEST-S18-212-MT12,115,118,22,Y,M,milkbone,none,P15,,
ST,Lake Erie Salmon and Trout Club,MT3,creek chub,MT13,LEST-S18-212-MT13,107,112,16,Y,I,milkbone,none,P16,,
ST,Lake Erie Salmon and Trout Club,MT3,creek chub,MT14,LEST-S18-212-MT14,109,114,15,Y,M,milkbone,none,P17,,
ST,Lake Erie Salmon and Trout Club,MT3,creek chub,MT15,LEST-S18-212-MT15,100,104,12,Y,F,milkbone,none,P19,,
ST,Lake Erie Salmon and Trout Club,MT3,creek chub,MT16,LEST-S18-212-MT16,119,121,19.5,Y,F,milkbone,none,P18,,
PF,Parrish,1,creek chub,1,PF-S18-212-1,91,96,9,Y,M,"insects, detritus, chiton",unknown,,,
PF,Parrish,MT2,creek chub,1,PF-S18-212-MT1,129,137,27,Y,M,"milkbone, pink goo in stomach",none,"Pria 18, vomited red",,
PF,Parrish,1,creek chub,10,PF-S18-212-10,113,121,17,Y,M,"detritus, 1 insect",aquatic,,,
PF,Parrish,MT2,creek chub,10,PF-S18-212-MT10,105,110,13.5,N,,,,,,
PF,Parrish,1,creek chub,11,PF-S18-212-11,57,61,2.5,Y,,,,,,
PF,Parrish,1,creek chub,12,PF-S18-212-12,37,39,0.5,Y,,,,,,
PF,Parrish,1,creek chub,13,PF-S18-212-13,43,46,1,N,,,,,,
PF,Parrish,1,creek chub,14,PF-S18-212-14,71,73,5,Y,,,,,,
PF,Parrish,1,creek chub,15,PF-S18-212-15,64,68,3,Y,,,,,,
PF,Parrish,1,creek chub,16,PF-S18-212-16,64,67,3,N,,,,,,
PF,Parrish,1,creek chub,17,PF-S18-212-17,77,81,5,N,,,,,,
PF,Parrish,1,creek chub,18,PF-S18-212-18,40,42,0.5,N,,,,,,
PF,Parrish,1,creek chub,2,PF-S18-212-2,96,102,10.5,Y,M,empty,none,,,
PF,Parrish,MT2,creek chub,2,PF-S18-212-MT2,90,94,9.5,Y,F,"milkbone, pink goo, insect",unknown,Pria 19,,
PF,Parrish,1,creek chub,20,PF-S18-212-20,44,46,1,N,,,,,,
PF,Parrish,2,creek chub,21,PF-S18-212-21,131,140,28,Y,M,"algae, chiton, insects",unknown,,,
PF,Parrish,2,creek chub,22,PF-S18-212-22,75,79,5.5,Y,F,"seeds, insects, detritus",unknown,,,
PF,Parrish,2,creek chub,23,PF-S18-212-23,159,169,55.5,N,,,,,,
PF,Parrish,2,creek chub,24,PF-S18-212-24,102,108,15,N,,,,,,
PF,Parrish,2,creek chub,25,PF-S18-212-25,82,89,9.5,Y,M,"insects, detritus",unknown,,,
PF,Parrish,2,creek chub,26,PF-S18-212-26,69,74,4.5,Y,,,,,,
PF,Parrish,2,creek chub,28,PF-S18-212-28,40,42,1.5,N,,,,,,
PF,Parrish,2,creek chub,29,PF-S18-212-29,60,64,3.5,Y,M,"detritus, insects",unknown,,,
PF,Parrish,1,creek chub,3,PF-S18-212-3,85,91,7.5,Y,F,"caterpillar, algae, insects",both,,,
PF,Parrish,MT2,creek chub,3,PF-S18-212-MT3,116,122,21,Y,F,"milkbone, pink goo",none,Pria 20,,
PF,Parrish,2,creek chub,30,PF-S18-212-30,74,76,5,Y,M,bit of algae,aquatic,,,
PF,Parrish,2,creek chub,31,PF-S18-212-31,74,77,4.5,Y,M,"insects, detritus",unknown,,,
PF,Parrish,1,creek chub,4,PF-S18-212-4,79,83,6.5,Y,M,seeds,terrestrial,,,
PF,Parrish,MT2,creek chub,4,PF-S18-212-MT4,71,76,5.5,N,,,,,,
PF,Parrish,1,creek chub,5,PF-S18-212-5,105,112,14.5,Y,F,"detritus, insects",unknown,,,
PF,Parrish,MT2,creek chub,5,PF-S18-212-MT5,103,107,14.5,N,,,,,,
PF,Parrish,1,creek chub,6,PF-S18-212-6,121,129,22.5,Y,F,"insects, detritus",unknown,,,
PF,Parrish,MT2,creek chub,6,PF-S18-212-MT7,74,78,6,N,,,,,,
PF,Parrish,1,creek chub,7,PF-S18-212-7,133,140,29.5,Y,F,"insects, detritus, seeds",unknown,,,
PF,Parrish,MT2,creek chub,7,PF-S18-212-MT7,93,99,10.5,N,,,,,,
PF,Parrish,1,creek chub,8,PF-S18-212-8,113,121,17,Y,M,"snails, insects, seeds",unknown,,,
PF,Parrish,MT2,creek chub,8,PF-S18-212-MT8,108,117,18,N,,,,,,
PF,Parrish,1,creek chub,9,PF-S18-212-9,137,145,31,Y,M,"crayfish, insects, detritus",unknown,,,
PF,Parrish,MT2,creek chub,9,PF-S18-212-MT9,81,86,7.5,N,,,,,,
P1,Perl 1,,creek chub,1,EP1-S18-212-1,47,50,0.5,N,,,,2,,
P1,Perl 1,,creek chub,10,EP1-S18-212-10,33,36,0.5,N,,,,14,,
P1,Perl 1,,creek chub,11,EP1-S18-212-11,54,57,2,N,,,,15,,
P1,Perl 1,,creek chub,12,EP1-S18-212-12,34,35,0.5,N,,,,16,,
P1,Perl 1,,creek chub,13,EP1-S18-212-13,153,163,43,Y,F,"snails, rocks, detritus",aquatic,32,,
P1,Perl 1,,creek chub,14,EP1-S18-212-14,130,139,26,Y,M,"snails, rocks, crayfish, gastropods",aquatic,33,,
P1,Perl 1,,creek chub,15,EP1-S18-212-15,127,135,26,Y,I,orange goo/insects,unknown,34,,
P1,Perl 1,,creek chub,16,EP1-S18-212-16,116,123,18.5,Y,F,algae,aquatic,35,,
P1,Perl 1,,creek chub,17,EP1-S18-212-17,97,115,12,Y,I,"insects, detritus, crayfish",unknown,36,,
P1,Perl 1,,creek chub,18,EP1-S18-212-18,115,121,22,Y,F,snail,aquatic,37,,
P1,Perl 1,,creek chub,19,EP1-S18-212-19,108,113,14,Y,F,"worms, detritus, insects",unknown,38,,
P1,Perl 1,,creek chub,2,EP1-S18-212-2,22,25,0.3,N,,,,3,,
P1,Perl 1,,creek chub,20,EP1-S18-212-20,97,104,11.5,Y,F,"johnny darter, crayfish",aquatic,39,,
P1,Perl 1,,creek chub,21,EP1-S18-212-21,95,100,10,Y,F,detritus,aquatic,40,,
P1,Perl 1,,creek chub,22,EP1-S18-212-22,95,103,11.5,Y,F,"detritus, insects",unknown,41,,
P1,Perl 1,,creek chub,23,EP1-S18-212-23,80,86,6,Y,M,"detritus, orange goo",aquatic,57,,
P1,Perl 1,,creek chub,24,EP1-S18-212-24,73,79,5.5,Y,M,"algae, brown goo",aquatic,58,,
P1,Perl 1,,creek chub,25,EP1-S18-212-25,78,87,5.5,Y,M,orange goo,unknown,59,,
P1,Perl 1,,creek chub,26,EP1-S18-212-26,67,73,3.5,Y,M,"algae, insects, detritus",unknown,60,,
P1,Perl 1,,creek chub,27,EP1-S18-212-27,71,76,4,Y,M,"detritus, insects",unknown,61,,
P1,Perl 1,,creek chub,28,EP1-S18-212-28,67,73,3.5,Y,I,white goo,unknown,62,,
P1,Perl 1,,creek chub,29,EP1-S18-212-29,186,198,86.5,Y,M,bright orange goo,unknown,87,,
P1,Perl 1,,creek chub,3,EP1-S18-212-3,38,41,0.5,N,,,,4,,
P1,Perl 1,,creek chub,30,EP1-S18-212-30,79,87,6.5,N,,,,89,,
P1,Perl 1,,creek chub,31,EP1-S18-212-31,74,79,5.5,N,,,,90,,
P1,Perl 1,,creek chub,32,EP1-S18-212-32,96,105,8,N,,,,93,,
P1,Perl 1,,creek chub,33,EP1-S18-212-33,91,99,10.5,Y,I,detritus,aquatic,98,,
P1,Perl 1,,creek chub,34,EP1-S18-212-34,77,82,6.5,Y,M,"algae, detritus",aquatic,99,,
P1,Perl 1,,creek chub,35,EP1-S18-212-35,69,74,4.5,Y,M,"insects, detritus",unknown,100,,
P1,Perl 1,,creek chub,36,EP1-S18-212-36,70,73,4,Y,I,detritus,aquatic,101,,
P1,Perl 1,,creek chub,37,EP1-S18-212-37,118,126,2.2,N,,,,103,,
P1,Perl 1,,creek chub,38,EP1-S18-212-38,169,173,4.5,N,,,,104,,
P1,Perl 1,,creek chub,39,EP1-S18-212-39,84,88,7.5,N,,,,109,,
P1,Perl 1,,creek chub,4,EP1-S18-212-4,33,36,0.5,N,,,,5,,
P1,Perl 1,,creek chub,40,EP1-S18-212-40,73,78,6.5,N,,,,110,,
P1,Perl 1,,creek chub,41,EP1-S18-212-41,76,82,6.5,N,,,,112,,
P1,Perl 1,,creek chub,42,EP1-S18-212-42,74,77,6,N,,,,113,,
P1,Perl 1,,creek chub,43,EP1-S18-212-43,73,78,5,N,,,,114,,
P1,Perl 1,,creek chub,44,EP1-S18-212-44,NA,NA,4.5,N,,,,117,,
P1,Perl 1,,creek chub,5,EP1-S18-212-5,23,25,0.5,N,,,,6,,
P1,Perl 1,,creek chub,6,EP1-S18-212-6,37,40,1,N,,,,7,,
P1,Perl 1,,creek chub,7,EP1-S18-212-7,43,45,1,N,,,,11,,
P1,Perl 1,,creek chub,8,EP1-S18-212-8,45,48,1,N,,,,12,,
P1,Perl 1,,creek chub,9,EP1-S18-212-9,36,37,0.5,N,,,,13,,
P2,Perl 2,1,creek chub,1,EP2-S18-212-1,67.8,73,4,Y,M,empty,none,1,,
P2,Perl 2,1,creek chub,10,EP2-S18-212-10,96,99,11,Y,M,algae,aquatic,9,,
P2,Perl 2,1,creek chub,11,EP2-S18-212-11,58,63,3,Y,M,insects,unknown,10,,
P2,Perl 2,1,creek chub,12,EP2-S18-212-12,67,72,4.5,Y,M,insects,unknown,11,,
P2,Perl 2,2,creek chub,13,EP2-S18-212-13,105,110,15.6,Y,F,"detritus, algae",aquatic,12,,
P2,Perl 2,2,creek chub,14,EP2-S18-212-14,37,40,0.5,N,,,,,,
P2,Perl 2,2,creek chub,15,EP2-S18-212-15,88,94,8.1,Y,M,"yellow goo, algae",aquatic,13,,
P2,Perl 2,2,creek chub,16,EP2-S18-212-16,68,73,4.3,Y,M,white sucker,aquatic,14,,
P2,Perl 2,2,creek chub,17,EP2-S18-212-17,34,36,0.6,Y,U,?,,15,,
P2,Perl 2,2,creek chub,18,EP2-S18-212-18,38,40,0.7,Y,I,algae,aquatic,16,,
P2,Perl 2,2,creek chub,19,EP2-S18-212-19,44,47,1.1,Y,I,insects,unknown,17,,
P2,Perl 2,1,creek chub,2,EP2-S18-212-2,69,75,4.1,Y,F,Empty,none,2,,
P2,Perl 2,2,creek chub,20,EP2-S18-212-20,40,43,0.8,Y,I,algae,aquatic,18,,
P2,Perl 2,2,creek chub,21,EP2-S18-212-21,44,46,1,Y,I,empty,none,19,,
P2,Perl 2,2,creek chub,22,EP2-S18-212-22,75,80,5.6,Y,I,"algae, detritus, insects",aquatic,20,,
P2,Perl 2,3,creek chub,23,EP2-S18-212-23,69,76,4.5,N,,,,,,
P2,Perl 2,3,creek chub,24,EP2-S18-212-24,75,79,5.5,N,,,,,,
P2,Perl 2,3,creek chub,25,EP2-S18-212-25,72,79,4,N,,,,,,
P2,Perl 2,3,creek chub,26,EP2-S18-212-26,74,77,5,N,,,,,,
P2,Perl 2,3,creek chub,27,EP2-S18-212-27,NA,36,0.5,N,,,,,,
P2,Perl 2,3,creek chub,28,EP2-S18-212-28,42,46,1,N,,,,,,
P2,Perl 2,3,creek chub,29,EP2-S18-212-29,NA,28,0.3,N,,,,No tail fin,,
P2,Perl 2,1,creek chub,3,EP2-S18-212-3,49,52,1.4,Y,,,,BONKED,,
P2,Perl 2,1,creek chub,4,EP2-S18-212-4,64,69,3.3,Y,M,"insects, wasp",terrestrial,3,,
P2,Perl 2,1,creek chub,5,EP2-S18-212-5,111,117,16.8,Y,F,snails,aquatic,4,,
P2,Perl 2,1,creek chub,6,EP2-S18-212-6,157,163,44.4,Y,F,empty,none,5,,
P2,Perl 2,1,creek chub,7,EP2-S18-212-7,96,101,10.4,Y,F,"orange goo, white worms",unknown,"6, lots of fat",,
P2,Perl 2,1,creek chub,8,EP2-S18-212-8,136,142,32,Y,M,"detritus, white goo",aquatic,7,,
P2,Perl 2,1,creek chub,9,EP2-S18-212-9,125,132,27.6,Y,M,algae,aquatic,8,,
P3,Perl 3,1,creek chub,1,EP3-S18-212-1,52,55,1.6,Y,M,insects/detritus,unknown,P1,,
P3,Perl 3,2,creek chub,10,EP3-S18-212-10,103,110,15.5,Y,F,"detritus, insects",unknown,P10,,
P3,Perl 3,2,creek chub,11,EP3-S18-212-11,73,79,6,Y,F,"earthworms, detritus, insects",both,P11,,
P3,Perl 3,2,creek chub,12,EP3-S18-212-12,61,66,4,Y,M,"detritus, insects",unknown,P12,,
P3,Perl 3,2,creek chub,13,EP3-S18-212-13,57,62,2.5,Y,M,detritus,aquatic,P13,,
P3,Perl 3,2,creek chub,14,EP3-S18-212-14,37,40,0.5,Y,I,"detritus, insects",unknown,P14,,
P3,Perl 3,2,creek chub,15,EP3-S18-212-15,101,109,15,Y,F,"insects, many worms",unknown,P15,,
P3,Perl 3,2,creek chub,16,EP3-S18-212-16,30,32,0.5,Y,I,detritus,aquatic,P16,,
P3,Perl 3,2,creek chub,17,EP3-S18-212-17,30,32,0.5,Y,I,detritus,aquatic,P17,,
P3,Perl 3,1,creek chub,18,EP3-S18-212-18,28,31,0.5,Y,,,,,,
P3,Perl 3,1,creek chub,19,EP3-S18-212-19,35,38,0.5,Y,I,detritus,aquatic,P18,,
P3,Perl 3,1,creek chub,2,EP3-S18-212-2,108,115,20.5,Y,M,"earthworm, insect, detritus",both,P2,,
P3,Perl 3,3,creek chub,20,EP3-S18-212-20,24,26,0.5,N,,,,,,
P3,Perl 3,3,creek chub,21,EP3-S18-212-21,36,40,0.5,N,,,,,,
P3,Perl 3,3,creek chub,22,EP3-S18-212-22,30,33,0.5,N,,,,,,
P3,Perl 3,3,creek chub,23,EP3-S18-212-23,28,30,0.5,N,,,,,,
P3,Perl 3,3,creek chub,24,EP3-S18-212-24,29,31,0.5,N,,,,,,
P3,Perl 3,3,creek chub,25,EP3-S18-212-25,98,102,10.5,Y,M,"insects, detritus",unknown,P19,,
P3,Perl 3,3,creek chub,26,EP3-S18-212-26,56,62,2.25,Y,M,empty,none,P20,,
P3,Perl 3,1,creek chub,3,EP3-S18-212-3,57,61,3,Y,F,detritus,aquatic,P3,,
P3,Perl 3,1,creek chub,4,EP3-S18-212-4,81,88,7.5,Y,M,"detritus, earthworm, insects",both,P4,,
P3,Perl 3,1,creek chub,5,EP3-S18-212-5,77,82,7,Y,F,"earthworm, detritus",both,P5,,
P3,Perl 3,1,creek chub,6,EP3-S18-212-6,38,40,1,Y,U,"earthworm, detritus",both,P6,,
P3,Perl 3,1,creek chub,7,EP3-S18-212-7,38,41,0.5,Y,M,detritus,aquatic,P7,,
P3,Perl 3,1,creek chub,8,EP3-S18-212-8,96,102,13.5,Y,M,"worms, detritus, chironomids",aquatic,P8,,
P3,Perl 3,2,creek chub,9,EP3-S18-212-9,94,100,12,Y,F,earthworms,terrestrial,P9,,
P3,Perl 3,MT1,creek chub,1,EP3-S18-212-MT1,140,150,31,N,,,,below culvert,,
P3,Perl 3,MT1,creek chub,2,EP3-S18-212-MT2,135,141,30,N,,,,,,
P3,Perl 3,MT1,creek chub,3,EP3-S18-212-MT3,120,125,21,N,,,,,,
P3,Perl 3,MT1,creek chub,4,EP3-S18-212-MT4,118,122,17,N,,,,,,
P3,Perl 3,MT1,creek chub,5,EP3-S18-212-MT5,117,121,19.5,N,,,,,,
P3,Perl 3,MT1,creek chub,6,EP3-S18-212-MT6,108,111,10,N,,,,,,
P3,Perl 3,MT1,creek chub,7,EP3-S18-212-MT7,111,115,11.5,N,,,,,,
P3,Perl 3,MT1,creek chub,8,EP3-S18-212-MT8,83,86,6.5,N,,,,,,
P3,Perl 3,MT1,creek chub,9,EP3-S18-212-MT9,76,82,6.5,N,,,,,,
P3,Perl 3,MT2,creek chub,10,EP3-S18-212-MT10,82,85,6.5,N,,,,,,
P3,Perl 3,MT2,creek chub,11,EP3-S18-212-MT11,132,139,31.5,N,,,,,,
P3,Perl 3,MT2,creek chub,12,EP3-S18-212-MT12,110,115,17.5,N,,,,,,
P3,Perl 3,MT2,creek chub,13,EP3-S18-212-MT13,85,90,9,N,,,,,,
P3,Perl 3,MT2,creek chub,14,EP3-S18-212-MT14,92,97,8.5,N,,,,,,
P3,Perl 3,MT2,creek chub,15,EP3-S18-212-MT15,52,56,7.5,N,,,,,,
P3,Perl 3,MT2,creek chub,16,EP3-S18-212-MT16,78,82,6,N,,,,,,
P3,Perl 3,MT2,creek chub,17,EP3-S18-212-MT17,82,88,7,N,,,,,,
P4,Perl 4,1,creek chub,1,EP4-S18-212-1,104,110,14.5,Y,F,"detritus, insects",terrestrial,P1,,
P4,Perl 4,1,creek chub,2,EP4-S18-212-2,136,144,32.5,Y,M,detritus,terrestrial,P2,,
P4,Perl 4,1,creek chub,3,EP4-S18-212-3,110,112,16,Y,F,"detritus, insects",terrestrial,P3,,
P4,Perl 4,3,creek chub,4,EP4-S18-212-4,24,26,0.3,N,,,,,,
P4,Perl 4,3,creek chub,5,EP4-S18-212-5,27,29,0.3,N,,,,,,
P4,Perl 4,3,creek chub,6,EP4-S18-212-6,27,29,0.3,N,,,,,,
P4,Perl 4,3,creek chub,7,EP4-S18-212-7,164,172,54.5,Y,M,"detritus, insects, parasites",terrestrial,P4,,
P4,Perl 4,3,creek chub,8,EP4-S18-212-8,132,137,27,Y,F,"detritus, insects",terrestrial,P5,,
P4,Perl 4,spot check,creek chub,9,EP4-S18-212-9,130,136,28,Y,F,"detritus, goo, insects",terrestrial,P6,,
P4,Perl 4,spot check,creek chub,10,EP4-S18-212-10,90,97,8.5,Y,M,"detritus, insects",terrestrial,P7,,
P4,Perl 4,spot check,creek chub,11,EP4-S18-212-11,128,134,26,Y,F,"insects, worms",unknown,P8,,
P4,Perl 4,spot check,creek chub,12,EP4-S18-212-12,91,96,10,Y,F,insects,unknown,P9,,
P4,Perl 4,spot check,creek chub,13,EP4-S18-212-13,113,120,16.5,Y,F,insects,unknown,P10,,
PV,Pleasant Valley Trout Farm,1,creek chub,1,PVTF-S18-212-1,41,43,0.5,N,,,,,,
PV,Pleasant Valley Trout Farm,1,creek chub,2,PVTF-S18-212-2,26,27,0.3,N,,,,,,
PV,Pleasant Valley Trout Farm,1,creek chub,3,PVTF-S18-212-3,35,36,0.5,N,,,,,,
PV,Pleasant Valley Trout Farm,1,creek chub,4,PVTF-S18-212-4,37,40,0.5,N,,,,,,
PV,Pleasant Valley Trout Farm,1,creek chub,5,PVTF-S18-212-5,36,37,0.5,N,,,,,,
PV,Pleasant Valley Trout Farm,1,creek chub,6,PVTF-S18-212-6,31,33,0.5,N,,,,,,
PV,Pleasant Valley Trout Farm,1,creek chub,7,PVTF-S18-212-7,38,39,0.3,N,,,,,,
PV,Pleasant Valley Trout Farm,1,creek chub,8,PVTF-S18-212-8,38,40,0.5,N,,,,,,
PV,Pleasant Valley Trout Farm,1,creek chub,9,PVTF-S18-212-9,33,36,0.3,N,,,,,,
PV,Pleasant Valley Trout Farm,1,creek chub,10,PVTF-S18-212-10,33,35,0.5,N,,,,,,
PV,Pleasant Valley Trout Farm,1,creek chub,11,PVTF-S18-212-11,81,96,9,Y,F,detritus,detritus,,,
PV,Pleasant Valley Trout Farm,1,creek chub,12,PVTF-S18-212-12,62,65,4.5,Y,F,detritus,detritus,,,
PV,Pleasant Valley Trout Farm,1,creek chub,13,PVTF-S18-212-13,58,63,2.5,Y,M,detritus,detritus,,,
PV,Pleasant Valley Trout Farm,1,creek chub,14,PVTF-S18-212-14,67,69,4,Y,F,detritus,detritus,,,
PV,Pleasant Valley Trout Farm,1,creek chub,15,PVTF-S18-212-15,51,55,2,Y,F,detritus,detritus,,,
PV,Pleasant Valley Trout Farm,1,creek chub,16,PVTF-S18-212-16,49,51,1.5,Y,I,detritus,detritus,,,
PV,Pleasant Valley Trout Farm,1,creek chub,17,PVTF-S18-212-17,54,55,2,Y,F,empty,unknown,,,
PV,Pleasant Valley Trout Farm,1,creek chub,18,PVTF-S18-212-18,47,50,1.5,Y,F,insects/detritus,unknown,,,
PV,Pleasant Valley Trout Farm,2,creek chub,19,PVTF-S18-212-19,95,102,10.5,Y,F,snails/insects,aquatic,,,
PV,Pleasant Valley Trout Farm,2,creek chub,20,PVTF-S18-212-20,52,55,1.5,Y,F,insects,unknown,,,
PV,Pleasant Valley Trout Farm,2,creek chub,21,PVTF-S18-212-21,35,36,0.5,N,,,,,,
PV,Pleasant Valley Trout Farm,2,creek chub,22,PVTF-S18-212-22,29,30,1,N,,,,,,
PV,Pleasant Valley Trout Farm,2,creek chub,23,PVTF-S18-212-23,45,47,1.5,N,,,,,,
PV,Pleasant Valley Trout Farm,2,creek chub,24,PVTF-S18-212-24,36,37,0.5,N,,,,,,
PV,Pleasant Valley Trout Farm,2,creek chub,25,PVTF-S18-212-25,116,122,19.5,Y,M,sand/detritus,detritus,,,
PV,Pleasant Valley Trout Farm,2,creek chub,26,PVTF-S18-212-26,32,34,0.5,N,,,,,,
AT,Taylor,1,creek chub,1,,110,115,16.5,Y,m,"detritus, fish, insects",,,,
AT,Taylor,1,creek chub,2,,67,71,4.5,Y,I,"detritus, insects",,liver/muscle switched (still needs to be dissected),,
AT,Taylor,1,creek chub,3,,62,66,4,Y,I,"detritus, insects",,,,
AT,Taylor,1,creek chub,4 to 22,,,66,9,N,,,,bulk x 19,,
AT,Taylor,1,creek chub,23,,70,57,4,Y,m,detritus,,pria 4,,
AT,Taylor,1,creek chub,24,,55,NA,2.5,Y,I,"detritus, insects",,pria 5,,
AT,Taylor,1,creek chub,25,,64,69,4,Y,m,detritus,,pria 6,,
AT,Taylor,1,creek chub,26,,39,41,1,Y,I,nothing,,,,
AT,Taylor,1,creek chub,27,,59,62,3,Y,I,nothing,,pria 8,,
AT,Taylor,1,creek chub,28,,64,67,3.5,Y,m,"detritus, insects",,pria 9,,
AT,Taylor,1,creek chub,29,,61,64,3,Y,m,brown goo,,pria 10,,
AT,Taylor,1,creek chub,26,,49,51,2,Y,m,detritus,,p-7,,
AT,Taylor,1,creek chub,30,,42,44,1,Y,,,,p-11,,
AT,Taylor,1,creek chub,31,,35,36,0.5,Y,I,detritus,,p-12,,
AT,Taylor,2,creek chub,32,,68,73,4.5,Y,m,"detritus, insects",,p-13,,
AT,Taylor,2,creek chub,33,,50,51,1.5,Y,I,"algae, insects",,p-14,,
AT,Taylor,2,creek chub,34,,41,45,1,Y,I,detritus,,p-15,,
AT,Taylor,2,creek chub,35,,43,46,1.5,Y,I,"algae, insects",,p-16,,
AT,Taylor,2,creek chub,36,,45,49,1.5,Y,I,"algae, insects",,p-17,,
AT,Taylor,2,creek chub,37,,46,49,1.5,Y,I,insects,,p-18,,
AT,Taylor,2,creek chub,38,,39,41,1,Y,I,insects,,p-19,,
AT,Taylor,2,creek chub,39,,41,44,1,Y,,,,p-20,,
AT,Taylor,2,creek chub,40,,57,60,3,Y,,,,p-21,,
UH,Underhill,M3,creek chub,Five of them,-,NA,90,4,N,,,,length estimated,,9
UH,Underhill,unknown,creek chub,1,UH-S18-212-1,48,50,1.5,N,,,,26,,5
UH,Underhill,unknown,creek chub,10,UH-S18-212-10,42,49,1.5,N,,,,35,,4.9
UH,Underhill,unknown,creek chub,11,UH-S18-212-11,100,107,12,Y,M,Plants/sticks,aquatic,36,,10.7
UH,Underhill,unknown,creek chub,12,UH-S18-212-12,76,80,5,Y,M,algae/plants,aquatic,37,,8
UH,Underhill,unknown,creek chub,13,UH-S18-212-13,82,89,7,Y,M,green plant,unknown,38,,8.9
UH,Underhill,unknown,creek chub,14,UH-S18-212-14,110,118,16,Y,M,algae/plants,aquatic,39,,11.8
UH,Underhill,unknown,creek chub,15,UH-S18-212-15,72,78,4,Y,F,Plants,aquatic,40,,7.8
UH,Underhill,unknown,creek chub,16,UH-S18-212-16,90,97,8.5,Y,M,insects,unknown,41,,9.7
UH,Underhill,unknown,creek chub,17,UH-S18-212-17,82,87,6,Y,M,insects,unknown,42,,8.7
UH,Underhill,unknown,creek chub,18,UH-S18-212-18,97,102,10.5,Y,M,algae,aquatic,43,,10.2
UH,Underhill,unknown,creek chub,19,UH-S18-212-19,92,99,7.5,Y,M,insects/detritus,unknown,44,,9.9
UH,Underhill,unknown,creek chub,2,UH-S18-212-2,44,47,1,N,,,,27,,4.7
UH,Underhill,unknown,creek chub,20,UH-S18-212-20,52,55,1.5,N,,,,74,,5.5
UH,Underhill,unknown,creek chub,21,UH-S18-212-21,48,50,1.5,N,,,,76,,5
UH,Underhill,unknown,creek chub,22,UH-S18-212-22,44,48,1.5,N,,,,79,,4.8
UH,Underhill,unknown,creek chub,23,UH-S18-212-23,44,46,1,N,,,,80,,4.6
UH,Underhill,unknown,creek chub,24,UH-S18-212-24,86,91,7.5,Y,M,Algae,aquatic,83,,9.1
UH,Underhill,unknown,creek chub,25,UH-S18-212-25,75,82,5.5,Y,F,Algae,aquatic,84,,8.2
UH,Underhill,unknown,creek chub,26,UH-S18-212-26,75,80,5,Y,M,Algae,aquatic,85,,8
UH,Underhill,unknown,creek chub,27,UH-S18-212-27,78,83,6,Y,M,Insects,unknown,86,,8.3
UH,Underhill,unknown,creek chub,28,UH-S18-212-28,85,90,7.5,Y,M,Algae,aquatic,87,,9
UH,Underhill,unknown,creek chub,29,UH-S18-212-29,80,86,6,Y,M,Insects,unknown,88,,8.6
UH,Underhill,unknown,creek chub,3,UH-S18-212-3,49,51,1,N,,,,28,,5.1
UH,Underhill,unknown,creek chub,30,UH-S18-212-30,79,85,6.5,Y,M,,,89,,8.5
UH,Underhill,unknown,creek chub,31,UH-S18-212-31,55,59,2,Y,M,,,90,,5.9
UH,Underhill,unknown,creek chub,32,UH-S18-212-32,50,53,2,Y,I,UND,unknown,91,,5.3
UH,Underhill,unknown,creek chub,33,UH-S18-212-33,51,53,1.5,Y,I,"insects, algae, plant",unknown,95,,5.3
UH,Underhill,unknown,creek chub,34,UH-S18-212-34,54,57,1.5,N,,,,98,,5.7
UH,Underhill,unknown,creek chub,35,UH-S18-212-35,62,67,3.5,N,,,,101,,6.7
UH,Underhill,unknown,creek chub,36,UH-S18-212-36,48,51,1,N,,,,106,,5.1
UH,Underhill,unknown,creek chub,4,UH-S18-212-4,49,52,1,N,,,,29,,5.2
UH,Underhill,unknown,creek chub,5,UH-S18-212-5,50,54,1.5,N,,,,30,,5.4
UH,Underhill,unknown,creek chub,6,UH-S18-212-6,51,55,1.5,N,,,,31,,5.5
UH,Underhill,unknown,creek chub,7,UH-S18-212-7,109,117,13,Y,F,Insects,unknown,32,,11.7
UH,Underhill,unknown,creek chub,8,UH-S18-212-8,66,69,3.5,N,,,,33,,6.9
UH,Underhill,unknown,creek chub,9,UH-S18-212-9,53,56,1.5,N,,,,34,,5.6
UH,Underhill,M1,creek chub,1,UH-S18-212-MT-1,105,110,11.5,N,,,,108,,11
UH,Underhill,M1,creek chub,10,UH-S18-212-MT-10,91,97,9.5,N,,,,121,,9.7
UH,Underhill,M1,creek chub,11,UH-S18-212-MT-11,92,95,4.5,N,,,,122,,9.5
UH,Underhill,M1,creek chub,12,UH-S18-212-MT-12,82,86,6,N,,,,123,,8.6
UH,Underhill,M1,creek chub,13,UH-S18-212-MT-13,77,83,5,N,,,,124,,8.3
UH,Underhill,M1,creek chub,14,UH-S18-212-MT-14,73,79,5.3,N,,,,125,,7.9
UH,Underhill,M1,creek chub,15,UH-S18-212-MT-15,89,94,7,N,,,,126,,9.4
UH,Underhill,M1,creek chub,16,UH-S18-212-MT-16,88,92,6.5,N,,,,128,,9.2
UH,Underhill,M1,creek chub,17,UH-S18-212-MT-17,92,99,6.5,N,,,,129,,9.9
UH,Underhill,M1,creek chub,18,UH-S18-212-MT-18,86,91,6.5,N,,,,130,,9.1
UH,Underhill,M1,creek chub,19,UH-S18-212-MT-19,95,99,8.5,N,,,,131,,9.9
UH,Underhill,M1,creek chub,2,UH-S18-212-MT-2,73,76,4,N,,,,110,,7.6
UH,Underhill,M1,creek chub,20,UH-S18-212-MT-20,88,92,8,N,,,,132,,9.2
UH,Underhill,M1,creek chub,21,UH-S18-212-MT-21,96,99,8.5,N,,,,133,,9.9
UH,Underhill,M1,creek chub,22,UH-S18-212-MT-22,79,83,6.5,N,,,,136,,8.3
UH,Underhill,M3,creek chub,23,UH-S18-212-MT-22,51,55,1.5,N,,,,139,,5.5
UH,Underhill,M3,creek chub,24,UH-S18-212-MT-24,44,49,1.5,N,,,,140,,4.9
UH,Underhill,M3,creek chub,25,UH-S18-212-MT-25,52,57,1.5,N,,,,142,,5.7
UH,Underhill,M3,creek chub,26,UH-S18-212-MT-26,48,49,2,N,,,,143,,4.9
UH,Underhill,M3,creek chub,27,UH-S18-212-MT-27,49,52,1.5,N,,,,145,,5.2
UH,Underhill,M3,creek chub,28,UH-S18-212-MT-28,45,48,1,N,,,,147,,4.8
UH,Underhill,M3,creek chub,29,UH-S18-212-MT-29,48,52,1.5,N,,,,148,,5.2
UH,Underhill,M1,creek chub,3,UH-S18-212-MT-3,138,143,32.5,N,,,,113,,14.3
UH,Underhill,M3,creek chub,30,UH-S18-212-MT-30,49,53,2.5,N,,,,149,,5.3
UH,Underhill,M3,creek chub,31,UH-S18-212-MT-31,76,80,4.5,N,,,,150,,8
UH,Underhill,M3,creek chub,32,UH-S18-212-MT-32,50,53,2,N,,,,151,,5.3
UH,Underhill,M3,creek chub,33,UH-S18-212-MT-33,48,51,1.5,N,,,,152,,5.1
UH,Underhill,M3,creek chub,34,UH-S18-212-MT-34,50,53,1.5,N,,,,153,,5.3
UH,Underhill,M3,creek chub,35,UH-S18-212-MT-35,69,72,4.5,N,,,,154,6.9,7.2
UH,Underhill,M3,creek chub,36,UH-S18-212-MT-36,57,61,2,N,,,,155,5.7,6.1
UH,Underhill,M3,creek chub,37,UH-S18-212-MT-37,58,61,2,N,,,,156,5.8,6.1
UH,Underhill,M3,creek chub,38,UH-S18-212-MT-38,63,66,3,N,,,,157,6.3,6.6
UH,Underhill,M3,creek chub,39,UH-S18-212-MT-39,86,90,7,N,,,,158,8.6,9
UH,Underhill,M1,creek chub,4,UH-S18-212-MT-4,110,115,15,N,,,,115,11,11.5
UH,Underhill,M3,creek chub,40,UH-S18-212-MT-40,79,85,6,N,,,,160,7.9,8.5
UH,Underhill,M3,creek chub,41,UH-S18-212-MT-41,64,68,3,N,,,,162,6.4,6.8
UH,Underhill,M3,creek chub,42,UH-S18-212-MT-42,68,71,3,N,,,,163,6.8,7.1
UH,Underhill,M3,creek chub,43,UH-S18-212-MT-43,45,49,1,N,,,,165,4.5,4.9
UH,Underhill,M3,creek chub,44,UH-S18-212-MT-44,53,58,2,N,,,,166,5.3,5.8
UH,Underhill,M3,creek chub,45,UH-S18-212-MT-45,56,59,2,N,,,,167,5.6,5.9
UH,Underhill,M3,creek chub,46,UH-S18-212-MT-46,67,60,1.5,N,,,,168,6.7,6
UH,Underhill,M3,creek chub,47,UH-S18-212-MT-47,48,52,1.5,N,,,,169,4.8,5.2
UH,Underhill,M3,creek chub,48,UH-S18-212-MT-48,48,51,1.5,N,,,,170,4.8,5.1
UH,Underhill,M1,creek chub,5,UH-S18-212-MT-5,103,98,9,N,,,,116,10.3,9.8
UH,Underhill,M1,creek chub,6,UH-S18-212-MT-6,123,126,17.5,N,,,,117,12.3,12.6
UH,Underhill,M1,creek chub,7,UH-S18-212-MT-7,87,90,6,N,,,,118,8.7,9
UH,Underhill,M1,creek chub,8,UH-S18-212-MT-8,112,117,6,N,,,,119,11.2,11.7
UH,Underhill,M1,creek chub,9,UH-S18-212-MT-9,87,92,7,N,,,,120,8.7,9.2
VN,VanDenNest,1,creek chub,1,VN-S18-212-1,100,104,12,Y,F,,,,10,10.4
VN,VanDenNest,2,creek chub,2,VN-S18-212-2,94,100,13,Y,m,algae + bugs,unknown,,9.4,10
WW,Wardsville,1,creek chub,1,WW-S18-212-1,110,117,15.5,Y,m,worm,unknown,P1,,
WW,Wardsville,1,creek chub,2,WW-S18-212-2,42,45,1,Y,I,insects,unknown,P2,,
WW,Wardsville,3,creek chub,3,WW-S18-212-3,59,63,2.5,Y,I,detritus,aquatic,P3,,
WW,Wardsville,3,creek chub,4,WW-S18-212-4,40,42,1,Y,I,algae/detritus,aquatic,P4,,
WW,Wardsville,MT,creek chub,MT1,WW-S18-212-MT1,97,109,12.8,Y,M,small creek chub,aquatic,,,
WW,Wardsville,MT,creek chub,MT2,WW-S18-212-MT2,80,83,6.3,Y,M,insects/detritus,aquatic/detritus,,,
WW,Wardsville,MT,creek chub,MT3,WW-S18-212-MT3,68,73,2.8,Y,,,,,,
WW,Wardsville,MT,creek chub,MT4,WW-S18-212-MT4,76,81,4.7,Y,M,detritus,detritus,,,
WW,Wardsville,MT,creek chub,MT5,WW-S18-212-MT5,54,58,2.7,Y,M,eggs,aquatic,,,
WW,Wardsville,MT,creek chub,MT6,WW-S18-212-MT6,58,62,2.4,Y,M,empty,unknown,,,
WW,Wardsville,MT,creek chub,MT7,WW-S18-212-MT7,52,56,2.3,Y,F,eggs,aquatic,,,
WW,Wardsville,MT,creek chub,MT8,WW-S18-212-MT8,54,58,2.6,Y,M,yellow goo,unknown,,,
WW,Wardsville,MT,creek chub,MT9,WW-S18-212-MT9,46,48,1,Y,I,detritus,detritus,,,
WW,Wardsville,MT,creek chub,MT10,WW-S18-212-MT10,45,49,1,N,M,insects,unknown,,,
WW,Wardsville,MT,creek chub,MT11,WW-S18-212-MT11,42,43,1,N,,,,,,
WW,Wardsville,MT,creek chub,MT12,WW-S18-212-MT12,38,40,1,N,,,,,,
WW,Wardsville,MT,creek chub,MT13,WW-S18-212-MT13,34,38,0.7,N,,,,,,
WW,Wardsville,MT,creek chub,MT14,WW-S18-212-MT14,71.5,75.5,6.3,Y,,,,,,
WW,Wardsville,MT2,creek chub,1,WW-S18-212-MT2,79,85,6,Y,M,,detritus snail,,,
WH,Washington,1,creek chub,1,WH-S18-212-1,145,152,31.5,Y,m,"smb, parasites, veg",aquatic,Ate smb 1 in bucket,145,152
WH,Washington,2,creek chub,10,WH-S18-212-10,NA,28,0.3,N,,,,,-,2.8
WH,Washington,2,creek chub,11,WH-S18-212-11,122,126,24.5,Y,m,couldnt id,unknown,,12.2,12.6
WH,Washington,2,creek chub,16-Dec,WH-S18-212-12<16,NA,NA,0.5,N,,,,BULK,-,-
WH,Washington,2,creek chub,17,WH-S18-212-17,108,113,13.5,Y,m,insects,unknown,,10.8,11.3
WH,Washington,2,creek chub,18,WH-S18-212-18,122,129,23,Y,m,"Larvae, veg",aquatic,,12.2,12.9
WH,Washington,2,creek chub,19,WH-S18-212-19,NA,25,0.3,N,,,,,-,2.5
WH,Washington,1,creek chub,2,WH-S18-212-2,110,113,15,Y,F,veg,aquatic,,11,11.3
WH,Washington,2,creek chub,20,WH-S18-212-20,114,120,17,Y,m,insects,unknown,cant find the sample anywhere,11.4,12
WH,Washington,2,creek chub,21,WH-S18-212-21,120,128,20,Y,F,insects,unknown,,12,12.8
WH,Washington,3,creek chub,22,WH-S18-212-22,120,128,20,Y,m,larvae,aquatic,,12,12.8
WH,Washington,3,creek chub,23,WH-S18-212-23,68,71,4,Y,I,insects,unknown,,6.8,7.1
WH,Washington,3,creek chub,24,WH-S18-212-24,115,122,17,Y,F,parsites,unknown,,11.5,12.2
WH,Washington,3,creek chub,25,WH-S18-212-25,117,124,18.5,Y,m,veg,unknown,,11.7,12.4
WH,Washington,3,creek chub,26,WH-S18-212-26,117,123,20,Y,F,empty,none,,11.7,12.3
WH,Washington,3,creek chub,27,WH-S18-212-27,100,107,11,Y,m,veg,unknown,,10,10.7
WH,Washington,1,creek chub,3,WH-S18-212-3,161.5,168,47,Y,m,insect larvae,aquatic,,16.15,16.8
WH,Washington,1,creek chub,4,WH-S18-212-4,126,132,23.5,Y,F,"bnd, parasitic worms",aquatic,,12.6,13.2
WH,Washington,1,creek chub,5,WH-S18-212-5,83,87,8,Y,m,"parasites, veg, insects",unknown,,8.3,8.7
WH,Washington,1,creek chub,6,WH-S18-212-6,55,58,2.5,Y,m,"Larvae, veg",aquatic,,5.5,5.8
WH,Washington,2,creek chub,7,WH-S18-212-7,161,169,45,Y,m,parasites,unkown,,16.1,16.9
WH,Washington,2,creek chub,8,WH-S18-212-8,104,111,12.5,N,,,,Jumped ship :(,10.4,11.1
WH,Washington,2,creek chub,9,WH-S18-212-9,162,169,46.5,Y,,"Caterpillar, insects, crayfish",both,,16.2,16.9
WA,Watson,1,creek chub,9,WA-S18-212-1,86,92,8,Y,m,insects,unknown,,,
WA,Watson,1,creek chub,10,WA-S18-212-10,81,86,7,Y,,,,,,
WA,Watson,1,creek chub,11,WA-S18-212-11,83,87,7,Y,F,seeds/insects,terrestrial,,,
WA,Watson,1,creek chub,12,WA-S18-212-12,90,94,8.5,Y,,insects/detritus,unknown,,,
WA,Watson,1,creek chub,14,WA-S18-212-13,89,95,8.5,Y,m,empty,none,,,
WA,Watson,1,creek chub,15,WA-S18-212-14,55,58,1.5,Y,,,,kept but not processed,,
WA,Watson,2,creek chub,15,WA-S18-212-15,55,59,2,N,,,,,,
WA,Watson,2,creek chub,16,WA-S18-212-16,60,65,3,N,,,,,,
WA,Watson,2,creek chub,17,WA-S18-212-17,134,141,28,Y,F,stick/detritus,aquatic,,,
WA,Watson,2,creek chub,18,WA-S18-212-18,25,NA,0.3,N,,,,too small + tail damage,,
WA,Watson,2,creek chub,19,WA-S18-212-19,29,31,0.3,N,,,,too small,,
WA,Watson,1,creek chub,1,WA-S18-212-2,28,30,0.5,N,,,,,,
WA,Watson,2,creek chub,20,WA-S18-212-20,148,155,38,Y,m,seeds,terrestrial,,,
WA,Watson,2,creek chub,21,WA-S18-212-21,160,170,54,Y,m,insects/detritus,unknown,,,
WA,Watson,2,creek chub,22,WA-S18-212-22,25,26,0.3,N,,,,too small,,
WA,Watson,2,creek chub,23,WA-S18-212-23,99,104,11,Y,F,parasites,unknown,,,
WA,Watson,2,creek chub,24,WA-S18-212-24,103,107,14,Y,m,detritus/insects,unknown,,,
WA,Watson,2,creek chub,35,WA-S18-212-25,105,110,15.5,Y,m,empty,none,,,
WA,Watson,2,creek chub,26,WA-S18-212-26,115,120,14.5,Y,m,snail/clams,aquatic,,,
WA,Watson,2,creek chub,27,WA-S18-212-27,75,79,5,Y,m,insects,unknown,,,
WA,Watson,2,creek chub,28,WA-S18-212-28,88,94,9,Y,m,detritus,aquatic,,,
WA,Watson,2,creek chub,29,WA-S18-212-29,100,105,11.5,Y,,,,,,
WA,Watson,1,creek chub,2,WA-S18-212-3,25,27,0.3,N,,,,too small,,
WA,Watson,2,creek chub,30,WA-S18-212-30,78,82,6,N,,,,,,
WA,Watson,1,creek chub,3,WA-S18-212-4,25,27,0.3,N,,,,too small,,
WA,Watson,1,creek chub,4,WA-S18-212-5,177,187,69.5,Y,m,insects,unknown,,,
WA,Watson,1,creek chub,5,WA-S18-212-6,129,139,28,Y,F,lady beetles,terrestrial,,,
WA,Watson,1,creek chub,6,WA-S18-212-7,96,102,11,Y,m,insects,unknown,,,
WA,Watson,1,creek chub,7,WA-S18-212-8,96,101,12.5,Y,m,insects,unknown,,,
WA,Watson,1,creek chub,8,WA-S18-212-9,86,90,8,Y,,,,,,
WA,Watson,MT2,creek chub,1,WA-S18-212-MT-1,94,110,10.5,N,,,,,,
WA,Watson,MT2,creek chub,2,WA-S18-212-MT-2,80,83,7.5,N,,,,,,
WA,Watson,MT2,creek chub,3,WA-S18-212-MT-3,88,95,9,N,,,,,,
WA,Watson,MT2,creek chub,4,WA-S18-212-MT-4,106,112,16.5,N,,,,,,
WA,Watson,MT2,creek chub,5,WA-S18-212-MT-5,85,91,7.5,N,,,,,,
WA,Watson,MT2,creek chub,6,WA-S18-212-MT-6,96,102,12,N,,,,,,
WA,Watson,MT2,creek chub,7,WA-S18-212-MT-7,87,93,9.5,N,,,,stange silver spot on back,,
WA,Watson,MT2,creek chub,8,WA-S18-212-MT-8,86,92,8.5,N,,,,,,
WA,Watson,MT2,creek chub,9,WA-S18-212-MT-9,141,149,34.5,N,,,,,,
JW,White,MT2,creek chub,1,JW-S18-212-MT1,130,148,29.5,N,,,,,,
JW,White,MT2,creek chub,2,JW-S18-212-MT2,99,103,12,N,,,,,,
JW,White,MT2,creek chub,3,JW-S18-212-MT3,127,130,25,N,,,,,,
JW,White,MT2,creek chub,4,JW-S18-212-MT4,86,89,8,N,,,,,,
JW,White,1,creek chub,1,JW-S18-212-1,75,79,6,Y,M,"INSECTS, DET",,,,
JW,White,1,creek chub,2,JW-S18-212-2,39,42,0.5,N,,,,,,
JW,White,1,creek chub,3,JW-S18-212-3,35,38,0.5,N,,,,,,
JW,White,1,creek chub,4,JW-S18-212-4,46,49,1,Y,I,DET,,,,
JW,White,1,creek chub,5,JW-S18-212-5,35,38,0.5,N,,,,,,
JW,White,1,creek chub,6,JW-S18-212-6,41,44,1,Y,I,INSECTS,,,,
JW,White,1,creek chub,7,JW-S18-212-7,86,93,8.5,Y,M,"ALGAE, DET",,,,
JW,White,1,creek chub,8,JW-S18-212-8,50,54,1.5,Y,I,"PARASITES, DET, INSECTS",,,,
JW,White,1,creek chub,9,JW-S18-212-9,25,26,0.3,N,,,,,,
JW,White,1,creek chub,10,JW-S18-212-10,24,26,0.3,N,,,,,,
JW,White,2,creek chub,11,JW-S18-212-11,89,94,8.5,Y,M,"ALGAE, LARGE INSECT",,,,
JW,White,2,creek chub,12,JW-S18-212-12,132,140,26,Y,F,"ALGAE, STONE, DET, INSECTS",,,,
JW,White,2,creek chub,13,JW-S18-212-13,35,38,0.5,N,,,,,,
JW,White,2,creek chub,14,JW-S18-212-14,140,150,33,Y,M,HUNGRY/EMPTY,,,,
JW,White,2,creek chub,15,JW-S18-212-15,42,45,1,N,,,,,,
JW,White,2,creek chub,15,JW-S18-212-15,127,135,24,Y,M,ALGAE,,,,
JW,White,2,creek chub,16,JW-S18-212-16,134,142,29,Y,M,ALGAE,,,,
JW,White,2,creek chub,17,JW-S18-212-17,134,143,31,Y,M,EMPTY,,,,
JW,White,2,creek chub,18,JW-S18-212-18,104,112,15,Y,F,DETRITUS,,,,
JW,White,2,creek chub,19,JW-S18-212-19,91,96,10,Y,M,DETRITUS,,,,
JW,White,2,creek chub,20,JW-S18-212-20,80,86,6.5,Y,M,"ALGAE, INSECTS, DETRITUS",,,,
JW,White,2,creek chub,21,JW-S18-212-21,76,81,6,Y,M,"ALGAE, INSECTS",,,,
JW,White,2,creek chub,22,JW-S18-212-22,90,95,9.5,Y,I,DETRITUS,,,,
JW,White,2,creek chub,23,JW-S18-212-23,64,70,4,Y,M,INSECTS,,,,
JW,White,3,creek chub,24,JW-S18-212-24,127,136,24,Y,F,"ALGAE, 2 JDS",,,,
JW,White,3,creek chub,25,JW-S18-212-25,171,182,54.5,Y,M,CRAYFISH,,,,
JW,White,3,creek chub,26,JW-S18-212-26,163,172,52.5,Y,M,"ALGAE, CRAYFISH",,,,
JW,White,3,creek chub,27,JW-S18-212-27,145,155,40,Y,F,~10CM BSD,,,,
JW,White,3,creek chub,28,JW-S18-212-28,74,78,5,N,,,,,,
JW,White,3,creek chub,29,JW-S18-212-29,55,59,2,N,,,,,,
JW,White,3,creek chub,30,JW-S18-212-30,83,88,7,N,,,,,,
JW,White,3,creek chub,31,JW-S18-212-31,87,91,8,N,,,,,,
JW,White,3,creek chub,31,JW-S18-212-32,50,53,1.5,N,,,,,,